<?xml version="1.0" encoding="UTF-8"?>
<kml xmlns="http://www.opengis.net/kml/2.2">
  <Document>
    <name>corredorBioceanico_JUJUY</name>
    <description>el mapa solo contiene las rutas del Corredor Bioceanico correspondientes a la Provincia de Jujuy, Argentina</description>
    <Style id="icon-1899-DB4436-nodesc-normal">
      <IconStyle>
        <color>ff3644db</color>
        <scale>1</scale>
        <Icon>
          <href>https://www.gstatic.com/mapspro/images/stock/503-wht-blank_maps.png</href>
        </Icon>
        <hotSpot x="32" xunits="pixels" y="64" yunits="insetPixels"/>
      </IconStyle>
      <LabelStyle>
        <scale>0</scale>
      </LabelStyle>
      <BalloonStyle>
        <text><![CDATA[<h3>$[name]</h3>]]></text>
      </BalloonStyle>
    </Style>
    <Style id="icon-1899-DB4436-nodesc-highlight">
      <IconStyle>
        <color>ff3644db</color>
        <scale>1</scale>
        <Icon>
          <href>https://www.gstatic.com/mapspro/images/stock/503-wht-blank_maps.png</href>
        </Icon>
        <hotSpot x="32" xunits="pixels" y="64" yunits="insetPixels"/>
      </IconStyle>
      <LabelStyle>
        <scale>1</scale>
      </LabelStyle>
      <BalloonStyle>
        <text><![CDATA[<h3>$[name]</h3>]]></text>
      </BalloonStyle>
    </Style>
    <StyleMap id="icon-1899-DB4436-nodesc">
      <Pair>
        <key>normal</key>
        <styleUrl>#icon-1899-DB4436-nodesc-normal</styleUrl>
      </Pair>
      <Pair>
        <key>highlight</key>
        <styleUrl>#icon-1899-DB4436-nodesc-highlight</styleUrl>
      </Pair>
    </StyleMap>
    <Style id="line-1267FF-5000-nodesc-normal">
      <LineStyle>
        <color>ffff6712</color>
        <width>5</width>
      </LineStyle>
      <BalloonStyle>
        <text><![CDATA[<h3>$[name]</h3>]]></text>
      </BalloonStyle>
    </Style>
    <Style id="line-1267FF-5000-nodesc-highlight">
      <LineStyle>
        <color>ffff6712</color>
        <width>7.5</width>
      </LineStyle>
      <BalloonStyle>
        <text><![CDATA[<h3>$[name]</h3>]]></text>
      </BalloonStyle>
    </Style>
    <StyleMap id="line-1267FF-5000-nodesc">
      <Pair>
        <key>normal</key>
        <styleUrl>#line-1267FF-5000-nodesc-normal</styleUrl>
      </Pair>
      <Pair>
        <key>highlight</key>
        <styleUrl>#line-1267FF-5000-nodesc-highlight</styleUrl>
      </Pair>
    </StyleMap>
    <Folder>
      <name>Indicaciones de Ruta 27, San Pedro de Atacama, Jujuy, Chile a RN34, Salta, Argentina</name>
      <Placemark>
        <name>Indicaciones de Ruta 27, San Pedro de Atacama, Jujuy, Chile a RN34, Salta, Argentina</name>
        <styleUrl>#line-1267FF-5000-nodesc</styleUrl>
        <LineString>
          <tessellate>1</tessellate>
          <coordinates>
            -67.06335,-23.22633,0
            -67.06316,-23.22642,0
            -67.06278,-23.22662,0
            -67.0625,-23.22675,0
            -67.06237,-23.22679,0
            -67.06226,-23.22681,0
            -67.06216,-23.22682,0
            -67.06199,-23.22682,0
            -67.06184,-23.22679,0
            -67.06175,-23.22676,0
            -67.06153,-23.22666,0
            -67.06126,-23.22652,0
            -67.06095,-23.22638,0
            -67.06087,-23.22635,0
            -67.06033,-23.22619,0
            -67.06027,-23.22618,0
            -67.05959,-23.22599,0
            -67.05958,-23.22599,0
            -67.05828,-23.22563,0
            -67.05826,-23.22563,0
            -67.05806,-23.22559,0
            -67.0579,-23.22557,0
            -67.05766,-23.22557,0
            -67.05741,-23.2256,0
            -67.05712,-23.22567,0
            -67.0571,-23.22567,0
            -67.05698,-23.2257,0
            -67.05693,-23.2257,0
            -67.05691,-23.22571,0
            -67.05664,-23.22575,0
            -67.05653,-23.22575,0
            -67.05646,-23.22576,0
            -67.05616,-23.22573,0
            -67.05614,-23.22572,0
            -67.05602,-23.22571,0
            -67.05596,-23.22569,0
            -67.05593,-23.22569,0
            -67.05582,-23.22566,0
            -67.05565,-23.22559,0
            -67.05546,-23.2255,0
            -67.05528,-23.22539,0
            -67.05525,-23.22536,0
            -67.05503,-23.22519,0
            -67.05481,-23.22506,0
            -67.0546,-23.22496,0
            -67.05426,-23.22487,0
            -67.05408,-23.22484,0
            -67.05384,-23.22483,0
            -67.0535,-23.22486,0
            -67.05286,-23.225,0
            -67.0527,-23.22506,0
            -67.05251,-23.22516,0
            -67.05231,-23.22532,0
            -67.05216,-23.22548,0
            -67.05205,-23.22562,0
            -67.05181,-23.22597,0
            -67.05169,-23.22613,0
            -67.05166,-23.22618,0
            -67.05148,-23.22643,0
            -67.05111,-23.22687,0
            -67.05091,-23.22705,0
            -67.05083,-23.2271,0
            -67.05069,-23.2272,0
            -67.05038,-23.22737,0
            -67.05035,-23.22738,0
            -67.05033,-23.22738,0
            -67.04998,-23.22751,0
            -67.04979,-23.22755,0
            -67.04977,-23.22755,0
            -67.04974,-23.22756,0
            -67.04733,-23.22791,0
            -67.0471,-23.22793,0
            -67.04682,-23.22793,0
            -67.04669,-23.22792,0
            -67.04664,-23.22792,0
            -67.0465,-23.22789,0
            -67.04641,-23.22788,0
            -67.04612,-23.22781,0
            -67.04561,-23.22765,0
            -67.04531,-23.22758,0
            -67.04519,-23.22756,0
            -67.04488,-23.22753,0
            -67.0447,-23.22753,0
            -67.04443,-23.22755,0
            -67.04246,-23.22779,0
            -67.04227,-23.22782,0
            -67.04225,-23.22782,0
            -67.04207,-23.22784,0
            -67.04205,-23.22784,0
            -67.0415,-23.22791,0
            -67.04086,-23.22797,0
            -67.0405,-23.22797,0
            -67.04029,-23.22796,0
            -67.04001,-23.22793,0
            -67.03951,-23.22784,0
            -67.03921,-23.22776,0
            -67.03842,-23.22749,0
            -67.03794,-23.22729,0
            -67.03777,-23.22723,0
            -67.03746,-23.22716,0
            -67.03718,-23.22714,0
            -67.03702,-23.22714,0
            -67.03691,-23.22715,0
            -67.03661,-23.2272,0
            -67.0365,-23.22723,0
            -67.03639,-23.22727,0
            -67.03613,-23.22739,0
            -67.03601,-23.22746,0
            -67.03588,-23.22756,0
            -67.03586,-23.22757,0
            -67.03559,-23.22781,0
            -67.03364,-23.23006,0
            -67.03302,-23.23091,0
            -67.03268,-23.23135,0
            -67.03264,-23.23141,0
            -67.03252,-23.23156,0
            -67.03224,-23.23184,0
            -67.03183,-23.23218,0
            -67.03144,-23.23245,0
            -67.03102,-23.23267,0
            -67.03014,-23.23305,0
            -67.03008,-23.23307,0
            -67.02997,-23.23314,0
            -67.02974,-23.23326,0
            -67.02937,-23.23351,0
            -67.02904,-23.23379,0
            -67.02895,-23.23385,0
            -67.02866,-23.2342,0
            -67.02864,-23.23421,0
            -67.02836,-23.23466,0
            -67.02831,-23.23475,0
            -67.02814,-23.23514,0
            -67.02789,-23.23565,0
            -67.02788,-23.23566,0
            -67.02779,-23.23581,0
            -67.02778,-23.23582,0
            -67.02775,-23.23588,0
            -67.02757,-23.23612,0
            -67.02737,-23.23633,0
            -67.02716,-23.23651,0
            -67.02701,-23.23662,0
            -67.02669,-23.23681,0
            -67.02668,-23.23681,0
            -67.02668,-23.23682,0
            -67.02644,-23.23692,0
            -67.02617,-23.23701,0
            -67.02586,-23.23708,0
            -67.02545,-23.23713,0
            -67.02528,-23.23714,0
            -67.02493,-23.23714,0
            -67.02187,-23.23688,0
            -67.02166,-23.23687,0
            -67.02165,-23.23686,0
            -67.02086,-23.23682,0
            -67.02047,-23.23682,0
            -67.02023,-23.23684,0
            -67.01984,-23.23692,0
            -67.01953,-23.23702,0
            -67.01931,-23.23712,0
            -67.01912,-23.23722,0
            -67.0187,-23.23748,0
            -67.01849,-23.23763,0
            -67.01822,-23.23778,0
            -67.01762,-23.2382,0
            -67.01708,-23.23854,0
            -67.01216,-23.24178,0
            -67.01196,-23.24194,0
            -67.01174,-23.24214,0
            -67.01157,-23.24232,0
            -67.01128,-23.24276,0
            -67.01114,-23.24307,0
            -67.01113,-23.24308,0
            -67.01101,-23.24355,0
            -67.01097,-23.2439,0
            -67.01101,-23.24647,0
            -67.011,-23.24684,0
            -67.01098,-23.24711,0
            -67.01091,-23.24764,0
            -67.01082,-23.24806,0
            -67.01077,-23.2482,0
            -67.01075,-23.24831,0
            -67.01067,-23.24858,0
            -67.01058,-23.24884,0
            -67.0104,-23.24928,0
            -67.01027,-23.24954,0
            -67.00934,-23.25114,0
            -67.00933,-23.25117,0
            -67.00695,-23.25519,0
            -67.00691,-23.25525,0
            -67.00639,-23.25615,0
            -67.00624,-23.25645,0
            -67.00606,-23.25688,0
            -67.00594,-23.25721,0
            -67.00585,-23.25751,0
            -67.00566,-23.25838,0
            -67.00534,-23.26025,0
            -67.00505,-23.26218,0
            -67.00499,-23.26266,0
            -67.00494,-23.26297,0
            -67.00419,-23.26909,0
            -67.00416,-23.26946,0
            -67.00412,-23.27026,0
            -67.00413,-23.27067,0
            -67.00431,-23.27257,0
            -67.00432,-23.27262,0
            -67.0044,-23.27336,0
            -67.00443,-23.27375,0
            -67.00499,-23.27919,0
            -67.00505,-23.27961,0
            -67.0052,-23.28032,0
            -67.00536,-23.2808,0
            -67.00557,-23.28132,0
            -67.0058,-23.28176,0
            -67.0058,-23.28177,0
            -67.00808,-23.28606,0
            -67.00843,-23.28679,0
            -67.0086,-23.28728,0
            -67.0086,-23.2873,0
            -67.00873,-23.28772,0
            -67.00928,-23.29029,0
            -67.00928,-23.2903,0
            -67.00983,-23.29297,0
            -67.0099,-23.29349,0
            -67.00993,-23.29383,0
            -67.00995,-23.2942,0
            -67.00988,-23.29487,0
            -67.00977,-23.29551,0
            -67.00963,-23.29602,0
            -67.00937,-23.29674,0
            -67.00899,-23.29755,0
            -67.00895,-23.29765,0
            -67.00894,-23.29765,0
            -67.00873,-23.29812,0
            -67.0084,-23.29881,0
            -67.00839,-23.29882,0
            -67.0044,-23.30721,0
            -67.00423,-23.30759,0
            -67.00385,-23.30832,0
            -67.00349,-23.30889,0
            -67.00308,-23.30943,0
            -67.00236,-23.3103,0
            -67.00227,-23.31042,0
            -66.9951,-23.3191,0
            -66.99508,-23.31913,0
            -66.9927,-23.32205,0
            -66.99233,-23.32248,0
            -66.98409,-23.3325,0
            -66.98408,-23.33252,0
            -66.98396,-23.33266,0
            -66.98392,-23.33272,0
            -66.9838,-23.33287,0
            -66.98365,-23.33309,0
            -66.98364,-23.33311,0
            -66.98354,-23.33326,0
            -66.98318,-23.33392,0
            -66.98299,-23.3343,0
            -66.9828,-23.33472,0
            -66.98279,-23.33473,0
            -66.9764,-23.34814,0
            -66.97628,-23.34841,0
            -66.97627,-23.34842,0
            -66.97549,-23.35006,0
            -66.97547,-23.35008,0
            -66.97434,-23.35249,0
            -66.97409,-23.35299,0
            -66.97019,-23.36119,0
            -66.96997,-23.36162,0
            -66.96957,-23.36249,0
            -66.96933,-23.36297,0
            -66.96541,-23.37122,0
            -66.96536,-23.37131,0
            -66.9631,-23.37607,0
            -66.96306,-23.37614,0
            -66.96305,-23.37619,0
            -66.96304,-23.37621,0
            -66.96304,-23.3763,0
            -66.96303,-23.37631,0
            -66.96303,-23.37633,0
            -66.96189,-23.37875,0
            -66.96184,-23.37884,0
            -66.95913,-23.38447,0
            -66.95911,-23.3845,0
            -66.95833,-23.38615,0
            -66.95826,-23.38632,0
            -66.95699,-23.38897,0
            -66.95676,-23.38949,0
            -66.95646,-23.39011,0
            -66.95632,-23.39045,0
            -66.95632,-23.39046,0
            -66.95622,-23.39073,0
            -66.95581,-23.39218,0
            -66.95554,-23.39323,0
            -66.95552,-23.39328,0
            -66.95483,-23.39585,0
            -66.95479,-23.39603,0
            -66.95408,-23.39877,0
            -66.95382,-23.3997,0
            -66.95378,-23.39987,0
            -66.95322,-23.40177,0
            -66.95274,-23.40353,0
            -66.9527,-23.40371,0
            -66.9526,-23.40405,0
            -66.95206,-23.40613,0
            -66.95187,-23.40703,0
            -66.95178,-23.40772,0
            -66.95177,-23.40804,0
            -66.95176,-23.40813,0
            -66.95176,-23.4084,0
            -66.9518,-23.40894,0
            -66.9518,-23.40899,0
            -66.95183,-23.40935,0
            -66.95209,-23.41035,0
            -66.95295,-23.4133,0
            -66.95328,-23.41469,0
            -66.95357,-23.41619,0
            -66.95373,-23.41729,0
            -66.95379,-23.41782,0
            -66.95396,-23.41998,0
            -66.954,-23.42073,0
            -66.95397,-23.4226,0
            -66.9539,-23.42375,0
            -66.95378,-23.42511,0
            -66.95368,-23.42597,0
            -66.95361,-23.4269,0
            -66.95283,-23.43495,0
            -66.95278,-23.43566,0
            -66.95277,-23.4357,0
            -66.95207,-23.44293,0
            -66.95193,-23.44416,0
            -66.95173,-23.44648,0
            -66.94926,-23.47192,0
            -66.94917,-23.4725,0
            -66.94909,-23.4729,0
            -66.94884,-23.47381,0
            -66.94623,-23.48152,0
            -66.94504,-23.48514,0
            -66.94321,-23.49049,0
            -66.94317,-23.49059,0
            -66.94311,-23.4908,0
            -66.93767,-23.50697,0
            -66.93762,-23.50714,0
            -66.93466,-23.5159,0
            -66.93461,-23.51608,0
            -66.9331,-23.52053,0
            -66.93289,-23.52122,0
            -66.93276,-23.52176,0
            -66.93275,-23.52183,0
            -66.93264,-23.52228,0
            -66.9317,-23.52707,0
            -66.93128,-23.52908,0
            -66.93111,-23.52966,0
            -66.93098,-23.53002,0
            -66.9306,-23.53088,0
            -66.92838,-23.53556,0
            -66.92754,-23.53742,0
            -66.91937,-23.5564,0
            -66.91856,-23.55822,0
            -66.91619,-23.56376,0
            -66.91596,-23.56426,0
            -66.91594,-23.56432,0
            -66.91589,-23.56442,0
            -66.91424,-23.56827,0
            -66.91413,-23.5685,0
            -66.91409,-23.56861,0
            -66.91205,-23.57328,0
            -66.9118,-23.57376,0
            -66.9118,-23.57377,0
            -66.91157,-23.57414,0
            -66.91122,-23.57464,0
            -66.91097,-23.57495,0
            -66.91027,-23.57569,0
            -66.90689,-23.57913,0
            -66.9068,-23.57921,0
            -66.90057,-23.58553,0
            -66.90054,-23.58557,0
            -66.89894,-23.58719,0
            -66.89835,-23.58782,0
            -66.89611,-23.59008,0
            -66.89534,-23.59083,0
            -66.89518,-23.59096,0
            -66.89461,-23.59138,0
            -66.89429,-23.59157,0
            -66.89345,-23.59201,0
            -66.89311,-23.59215,0
            -66.89243,-23.59238,0
            -66.89215,-23.59246,0
            -66.8916,-23.59258,0
            -66.88997,-23.59286,0
            -66.88343,-23.5939,0
            -66.88185,-23.59412,0
            -66.88008,-23.59445,0
            -66.87988,-23.59448,0
            -66.87973,-23.59451,0
            -66.87814,-23.59475,0
            -66.87726,-23.59485,0
            -66.87688,-23.59493,0
            -66.87631,-23.59509,0
            -66.87584,-23.59525,0
            -66.87522,-23.59552,0
            -66.87487,-23.5957,0
            -66.87481,-23.59574,0
            -66.87448,-23.59593,0
            -66.87416,-23.59613,0
            -66.87332,-23.5968,0
            -66.87144,-23.59847,0
            -66.87141,-23.59849,0
            -66.8713,-23.5986,0
            -66.86932,-23.60034,0
            -66.86928,-23.60037,0
            -66.86918,-23.60047,0
            -66.86869,-23.60091,0
            -66.86835,-23.60126,0
            -66.86795,-23.60173,0
            -66.86756,-23.60224,0
            -66.86727,-23.60274,0
            -66.86724,-23.60278,0
            -66.8646,-23.60714,0
            -66.86438,-23.60748,0
            -66.86301,-23.60978,0
            -66.8621,-23.61124,0
            -66.86202,-23.61138,0
            -66.86168,-23.61191,0
            -66.86117,-23.6128,0
            -66.86078,-23.61342,0
            -66.86069,-23.61358,0
            -66.86063,-23.61367,0
            -66.86058,-23.61373,0
            -66.86044,-23.61392,0
            -66.86005,-23.61432,0
            -66.85987,-23.61449,0
            -66.85913,-23.61509,0
            -66.85828,-23.61583,0
            -66.85791,-23.61622,0
            -66.85766,-23.61653,0
            -66.8574,-23.61691,0
            -66.85715,-23.61738,0
            -66.85707,-23.61755,0
            -66.85692,-23.61793,0
            -66.85662,-23.61863,0
            -66.85635,-23.61922,0
            -66.85604,-23.62,0
            -66.85576,-23.62066,0
            -66.85556,-23.62105,0
            -66.85541,-23.62131,0
            -66.85517,-23.62167,0
            -66.85461,-23.62236,0
            -66.85398,-23.62309,0
            -66.85315,-23.62409,0
            -66.853,-23.62424,0
            -66.85269,-23.62452,0
            -66.85248,-23.62468,0
            -66.85229,-23.6248,0
            -66.85191,-23.625,0
            -66.85098,-23.62545,0
            -66.85049,-23.62566,0
            -66.85015,-23.62578,0
            -66.84995,-23.62584,0
            -66.84955,-23.62594,0
            -66.84766,-23.62631,0
            -66.84764,-23.62631,0
            -66.84346,-23.62713,0
            -66.84327,-23.62716,0
            -66.83145,-23.62947,0
            -66.831,-23.62954,0
            -66.83052,-23.6296,0
            -66.83012,-23.62962,0
            -66.82961,-23.62963,0
            -66.82915,-23.62961,0
            -66.82849,-23.62953,0
            -66.8278,-23.6294,0
            -66.82718,-23.62922,0
            -66.82667,-23.62903,0
            -66.82638,-23.62891,0
            -66.82344,-23.62748,0
            -66.8232,-23.62735,0
            -66.80868,-23.62018,0
            -66.80837,-23.62004,0
            -66.77484,-23.60345,0
            -66.77396,-23.6031,0
            -66.77363,-23.603,0
            -66.77272,-23.60277,0
            -66.77158,-23.60261,0
            -66.77123,-23.60258,0
            -66.7706,-23.60256,0
            -66.77016,-23.60257,0
            -66.76948,-23.60262,0
            -66.7689,-23.6027,0
            -66.76077,-23.60455,0
            -66.76018,-23.60467,0
            -66.75821,-23.60514,0
            -66.75678,-23.60544,0
            -66.75631,-23.60556,0
            -66.74819,-23.60738,0
            -66.74532,-23.60807,0
            -66.74411,-23.60832,0
            -66.72832,-23.61188,0
            -66.72787,-23.612,0
            -66.72756,-23.61206,0
            -66.72637,-23.61234,0
            -66.72575,-23.61244,0
            -66.72494,-23.61252,0
            -66.72446,-23.61254,0
            -66.72369,-23.61254,0
            -66.72364,-23.61253,0
            -66.72338,-23.61252,0
            -66.72276,-23.61245,0
            -66.72161,-23.61222,0
            -66.72119,-23.6121,0
            -66.71392,-23.60945,0
            -66.71332,-23.60921,0
            -66.7129,-23.60902,0
            -66.71228,-23.60869,0
            -66.71203,-23.60854,0
            -66.71161,-23.60825,0
            -66.7113,-23.608,0
            -66.711,-23.60772,0
            -66.71063,-23.60735,0
            -66.71037,-23.60707,0
            -66.71004,-23.60664,0
            -66.70972,-23.60617,0
            -66.70945,-23.60571,0
            -66.70926,-23.60543,0
            -66.70904,-23.60507,0
            -66.70881,-23.60466,0
            -66.70842,-23.60403,0
            -66.70825,-23.60371,0
            -66.70514,-23.59839,0
            -66.70484,-23.5979,0
            -66.70462,-23.59757,0
            -66.70435,-23.59723,0
            -66.70403,-23.59686,0
            -66.7038,-23.59662,0
            -66.70333,-23.59618,0
            -66.70322,-23.59609,0
            -66.70278,-23.59576,0
            -66.70236,-23.59547,0
            -66.70209,-23.59532,0
            -66.70173,-23.59514,0
            -66.69686,-23.59321,0
            -66.69551,-23.59272,0
            -66.69505,-23.59254,0
            -66.69497,-23.5925,0
            -66.69033,-23.59069,0
            -66.68964,-23.5904,0
            -66.68946,-23.59034,0
            -66.68566,-23.58888,0
            -66.68559,-23.58886,0
            -66.68258,-23.58775,0
            -66.67223,-23.58417,0
            -66.67144,-23.58388,0
            -66.671,-23.58374,0
            -66.67093,-23.58371,0
            -66.67009,-23.58341,0
            -66.66924,-23.58299,0
            -66.66894,-23.58283,0
            -66.66808,-23.5822,0
            -66.66784,-23.582,0
            -66.66763,-23.58181,0
            -66.66726,-23.58143,0
            -66.6669,-23.58102,0
            -66.66658,-23.58054,0
            -66.66639,-23.58022,0
            -66.66616,-23.57979,0
            -66.66616,-23.57978,0
            -66.66608,-23.57962,0
            -66.66587,-23.57912,0
            -66.66586,-23.57911,0
            -66.66576,-23.57882,0
            -66.66289,-23.56869,0
            -66.66289,-23.56868,0
            -66.65967,-23.55721,0
            -66.65954,-23.55679,0
            -66.65867,-23.55371,0
            -66.6584,-23.55284,0
            -66.65762,-23.5501,0
            -66.65752,-23.5498,0
            -66.65728,-23.54918,0
            -66.65692,-23.54848,0
            -66.65634,-23.54742,0
            -66.65588,-23.54668,0
            -66.65503,-23.5452,0
            -66.6546,-23.54441,0
            -66.65429,-23.54391,0
            -66.64573,-23.52909,0
            -66.64552,-23.5286,0
            -66.64176,-23.52213,0
            -66.64123,-23.52116,0
            -66.64101,-23.52068,0
            -66.64097,-23.52056,0
            -66.64079,-23.5201,0
            -66.64059,-23.51939,0
            -66.64049,-23.51898,0
            -66.64042,-23.51853,0
            -66.64036,-23.51796,0
            -66.64034,-23.51746,0
            -66.64034,-23.5165,0
            -66.64035,-23.51632,0
            -66.64034,-23.51585,0
            -66.64035,-23.50356,0
            -66.64034,-23.50339,0
            -66.64034,-23.50053,0
            -66.64033,-23.50018,0
            -66.6403,-23.49992,0
            -66.64019,-23.49925,0
            -66.64008,-23.49877,0
            -66.63614,-23.48477,0
            -66.63577,-23.48358,0
            -66.63567,-23.48335,0
            -66.63541,-23.48284,0
            -66.63097,-23.47516,0
            -66.63082,-23.47497,0
            -66.6307,-23.4748,0
            -66.63032,-23.47437,0
            -66.62998,-23.47406,0
            -66.62704,-23.4716,0
            -66.62498,-23.46992,0
            -66.62154,-23.46704,0
            -66.62136,-23.4669,0
            -66.60302,-23.45169,0
            -66.60294,-23.45163,0
            -66.60288,-23.45157,0
            -66.59969,-23.44893,0
            -66.59919,-23.4485,0
            -66.59886,-23.44824,0
            -66.59867,-23.44807,0
            -66.59749,-23.44708,0
            -66.59647,-23.44626,0
            -66.5964,-23.44621,0
            -66.59637,-23.44618,0
            -66.59629,-23.44614,0
            -66.59622,-23.44613,0
            -66.59613,-23.4461,0
            -66.59609,-23.44608,0
            -66.59605,-23.44604,0
            -66.58988,-23.44092,0
            -66.58986,-23.4409,0
            -66.58877,-23.43999,0
            -66.58873,-23.43995,0
            -66.58407,-23.43609,0
            -66.58395,-23.43598,0
            -66.58393,-23.43597,0
            -66.58363,-23.43571,0
            -66.58176,-23.43417,0
            -66.58144,-23.43393,0
            -66.581,-23.43364,0
            -66.5807,-23.43347,0
            -66.58025,-23.43326,0
            -66.57952,-23.43301,0
            -66.57944,-23.43297,0
            -66.57942,-23.43295,0
            -66.57939,-23.43294,0
            -66.57937,-23.43292,0
            -66.57931,-23.43289,0
            -66.579,-23.43282,0
            -66.57151,-23.43142,0
            -66.56933,-23.43094,0
            -66.56879,-23.4308,0
            -66.56866,-23.43076,0
            -66.56622,-23.43015,0
            -66.5662,-23.43014,0
            -66.56601,-23.4301,0
            -66.56309,-23.42936,0
            -66.56173,-23.42898,0
            -66.55946,-23.42825,0
            -66.55938,-23.42823,0
            -66.55064,-23.42537,0
            -66.55031,-23.42525,0
            -66.54978,-23.42502,0
            -66.54935,-23.4248,0
            -66.549,-23.4246,0
            -66.54739,-23.42362,0
            -66.54735,-23.4236,0
            -66.54205,-23.42034,0
            -66.5417,-23.42011,0
            -66.54163,-23.42007,0
            -66.54129,-23.41982,0
            -66.54124,-23.41977,0
            -66.54102,-23.4196,0
            -66.54083,-23.41943,0
            -66.54049,-23.41909,0
            -66.5376,-23.41577,0
            -66.53758,-23.41574,0
            -66.53666,-23.41468,0
            -66.53663,-23.41464,0
            -66.53638,-23.41437,0
            -66.53515,-23.41297,0
            -66.5351,-23.41292,0
            -66.52946,-23.40632,0
            -66.52832,-23.40504,0
            -66.52797,-23.40469,0
            -66.52779,-23.40453,0
            -66.52729,-23.40414,0
            -66.52716,-23.40405,0
            -66.52676,-23.4038,0
            -66.52571,-23.4032,0
            -66.52522,-23.4029,0
            -66.52426,-23.40238,0
            -66.52373,-23.40214,0
            -66.52369,-23.40213,0
            -66.52332,-23.40198,0
            -66.52303,-23.40188,0
            -66.52235,-23.40168,0
            -66.52176,-23.40154,0
            -66.52115,-23.40144,0
            -66.5208,-23.4014,0
            -66.51981,-23.40136,0
            -66.51955,-23.40136,0
            -66.51897,-23.40139,0
            -66.51817,-23.40147,0
            -66.51736,-23.40162,0
            -66.51695,-23.40173,0
            -66.51676,-23.40177,0
            -66.5162,-23.40195,0
            -66.51409,-23.40273,0
            -66.51366,-23.40292,0
            -66.51339,-23.40306,0
            -66.51303,-23.40327,0
            -66.51274,-23.40347,0
            -66.51232,-23.4038,0
            -66.51231,-23.40382,0
            -66.51214,-23.40397,0
            -66.51192,-23.40419,0
            -66.51168,-23.40446,0
            -66.51152,-23.40466,0
            -66.51094,-23.40557,0
            -66.51072,-23.40594,0
            -66.51051,-23.40625,0
            -66.51013,-23.4067,0
            -66.50978,-23.40702,0
            -66.50968,-23.4071,0
            -66.50925,-23.40737,0
            -66.509,-23.40749,0
            -66.50846,-23.40771,0
            -66.50822,-23.40778,0
            -66.50777,-23.40793,0
            -66.50745,-23.40805,0
            -66.50735,-23.40808,0
            -66.50718,-23.40817,0
            -66.50713,-23.40819,0
            -66.50695,-23.40829,0
            -66.50659,-23.40854,0
            -66.50639,-23.4087,0
            -66.50616,-23.40892,0
            -66.50593,-23.4092,0
            -66.50567,-23.40955,0
            -66.50554,-23.40974,0
            -66.50485,-23.41083,0
            -66.50482,-23.41089,0
            -66.50292,-23.41396,0
            -66.50281,-23.41411,0
            -66.50276,-23.4142,0
            -66.50271,-23.41426,0
            -66.5026,-23.41441,0
            -66.50253,-23.41452,0
            -66.50222,-23.41489,0
            -66.50096,-23.4163,0
            -66.50047,-23.41682,0
            -66.50021,-23.41705,0
            -66.49986,-23.41733,0
            -66.49944,-23.41761,0
            -66.49907,-23.41781,0
            -66.49876,-23.41796,0
            -66.49863,-23.418,0
            -66.49859,-23.41802,0
            -66.49853,-23.41804,0
            -66.49844,-23.41806,0
            -66.49834,-23.41809,0
            -66.49811,-23.41813,0
            -66.49782,-23.41815,0
            -66.4977,-23.41815,0
            -66.49762,-23.41816,0
            -66.49725,-23.41823,0
            -66.49692,-23.41834,0
            -66.49671,-23.41844,0
            -66.4967,-23.41845,0
            -66.49662,-23.41849,0
            -66.4963,-23.41869,0
            -66.49614,-23.41877,0
            -66.49588,-23.41886,0
            -66.49585,-23.41886,0
            -66.49567,-23.41891,0
            -66.49532,-23.41894,0
            -66.49517,-23.41893,0
            -66.49468,-23.41893,0
            -66.4944,-23.41897,0
            -66.49416,-23.41903,0
            -66.49397,-23.4191,0
            -66.49365,-23.41927,0
            -66.49338,-23.41943,0
            -66.49281,-23.41969,0
            -66.49263,-23.41979,0
            -66.49251,-23.41987,0
            -66.49238,-23.41997,0
            -66.49229,-23.42003,0
            -66.49211,-23.42021,0
            -66.49204,-23.42029,0
            -66.49199,-23.42038,0
            -66.49188,-23.42054,0
            -66.49185,-23.42062,0
            -66.49182,-23.42067,0
            -66.49177,-23.42086,0
            -66.49173,-23.42097,0
            -66.49166,-23.42111,0
            -66.4915,-23.42138,0
            -66.49113,-23.42181,0
            -66.49074,-23.42236,0
            -66.49047,-23.42268,0
            -66.48996,-23.42323,0
            -66.48986,-23.4233,0
            -66.4898,-23.42335,0
            -66.48973,-23.42339,0
            -66.48959,-23.42345,0
            -66.48947,-23.42351,0
            -66.48946,-23.42351,0
            -66.48898,-23.42372,0
            -66.48875,-23.42381,0
            -66.4887,-23.42384,0
            -66.48803,-23.4241,0
            -66.4874,-23.42427,0
            -66.48725,-23.4243,0
            -66.48676,-23.42436,0
            -66.4825,-23.42468,0
            -66.48142,-23.42474,0
            -66.48122,-23.42474,0
            -66.47985,-23.42479,0
            -66.47981,-23.4248,0
            -66.47408,-23.42497,0
            -66.4728,-23.42498,0
            -66.47268,-23.42499,0
            -66.47204,-23.42494,0
            -66.47125,-23.42484,0
            -66.46374,-23.42349,0
            -66.46355,-23.42347,0
            -66.46355,-23.42346,0
            -66.46115,-23.42306,0
            -66.46026,-23.42294,0
            -66.45903,-23.4229,0
            -66.45776,-23.42293,0
            -66.45725,-23.42298,0
            -66.45719,-23.42298,0
            -66.45398,-23.42323,0
            -66.45342,-23.42324,0
            -66.45318,-23.42322,0
            -66.45268,-23.42316,0
            -66.45227,-23.42309,0
            -66.45218,-23.42306,0
            -66.45199,-23.42301,0
            -66.45198,-23.423,0
            -66.45181,-23.42295,0
            -66.4516,-23.4229,0
            -66.45058,-23.42249,0
            -66.4502,-23.42235,0
            -66.44922,-23.42195,0
            -66.44852,-23.42169,0
            -66.44818,-23.42159,0
            -66.44799,-23.42155,0
            -66.44792,-23.42153,0
            -66.44759,-23.42146,0
            -66.44659,-23.42137,0
            -66.44577,-23.42141,0
            -66.44553,-23.42144,0
            -66.44532,-23.42149,0
            -66.44505,-23.42154,0
            -66.44449,-23.42168,0
            -66.44279,-23.42204,0
            -66.44126,-23.42232,0
            -66.44068,-23.42241,0
            -66.44048,-23.42245,0
            -66.43915,-23.42264,0
            -66.43748,-23.42281,0
            -66.43641,-23.42295,0
            -66.43334,-23.42329,0
            -66.43042,-23.42368,0
            -66.42922,-23.42387,0
            -66.42903,-23.42389,0
            -66.42551,-23.42442,0
            -66.42514,-23.42452,0
            -66.42486,-23.42464,0
            -66.4248,-23.42466,0
            -66.42434,-23.4249,0
            -66.42363,-23.42532,0
            -66.42347,-23.42539,0
            -66.42323,-23.42547,0
            -66.42295,-23.42551,0
            -66.42265,-23.42553,0
            -66.4223,-23.42554,0
            -66.42217,-23.42555,0
            -66.42204,-23.42555,0
            -66.42197,-23.42556,0
            -66.42095,-23.4256,0
            -66.4206,-23.4256,0
            -66.42054,-23.42559,0
            -66.42034,-23.42558,0
            -66.42015,-23.42555,0
            -66.4189,-23.42541,0
            -66.41878,-23.42539,0
            -66.41865,-23.42538,0
            -66.41859,-23.42537,0
            -66.41846,-23.42536,0
            -66.41843,-23.42535,0
            -66.41747,-23.42526,0
            -66.41634,-23.42525,0
            -66.41017,-23.42542,0
            -66.41009,-23.42543,0
            -66.4095,-23.42545,0
            -66.40926,-23.42548,0
            -66.40919,-23.42548,0
            -66.4091,-23.42549,0
            -66.40906,-23.4255,0
            -66.409,-23.4255,0
            -66.40884,-23.42552,0
            -66.4088,-23.42553,0
            -66.4085,-23.42558,0
            -66.40783,-23.42573,0
            -66.40695,-23.42597,0
            -66.40673,-23.42602,0
            -66.4065,-23.42609,0
            -66.40596,-23.42622,0
            -66.40575,-23.42626,0
            -66.40521,-23.42633,0
            -66.4048,-23.42635,0
            -66.40437,-23.42635,0
            -66.40421,-23.42633,0
            -66.40412,-23.42633,0
            -66.40402,-23.42631,0
            -66.40373,-23.42628,0
            -66.40309,-23.42615,0
            -66.40268,-23.42604,0
            -66.40232,-23.42593,0
            -66.39668,-23.42437,0
            -66.39594,-23.4242,0
            -66.39591,-23.4242,0
            -66.39574,-23.42417,0
            -66.39559,-23.42416,0
            -66.39553,-23.42415,0
            -66.3951,-23.42411,0
            -66.39484,-23.4241,0
            -66.39422,-23.4241,0
            -66.39391,-23.42411,0
            -66.39044,-23.42434,0
            -66.39041,-23.42435,0
            -66.39005,-23.42435,0
            -66.38978,-23.42436,0
            -66.38949,-23.42435,0
            -66.38946,-23.42434,0
            -66.38894,-23.42429,0
            -66.38891,-23.42429,0
            -66.38888,-23.42428,0
            -66.3886,-23.42424,0
            -66.38805,-23.42412,0
            -66.38723,-23.42386,0
            -66.38695,-23.42375,0
            -66.38645,-23.42352,0
            -66.3861,-23.42331,0
            -66.38567,-23.42303,0
            -66.38566,-23.42302,0
            -66.38496,-23.42258,0
            -66.38476,-23.42244,0
            -66.38438,-23.4222,0
            -66.38428,-23.42213,0
            -66.38422,-23.4221,0
            -66.38407,-23.42199,0
            -66.38352,-23.42163,0
            -66.3827,-23.42118,0
            -66.38244,-23.421,0
            -66.38195,-23.4207,0
            -66.38173,-23.42058,0
            -66.38142,-23.42044,0
            -66.38115,-23.42034,0
            -66.3809,-23.42026,0
            -66.3801,-23.42012,0
            -66.3788,-23.42001,0
            -66.37876,-23.42,0
            -66.37782,-23.4199,0
            -66.3778,-23.4199,0
            -66.37703,-23.41982,0
            -66.377,-23.41982,0
            -66.37622,-23.41975,0
            -66.37588,-23.4197,0
            -66.37575,-23.41969,0
            -66.37564,-23.41967,0
            -66.37539,-23.41961,0
            -66.37517,-23.41954,0
            -66.37508,-23.4195,0
            -66.37501,-23.41948,0
            -66.37494,-23.41944,0
            -66.37483,-23.41939,0
            -66.3747,-23.41932,0
            -66.37443,-23.41914,0
            -66.37423,-23.41897,0
            -66.37412,-23.41886,0
            -66.37406,-23.41881,0
            -66.3738,-23.41848,0
            -66.37363,-23.41821,0
            -66.3735,-23.41791,0
            -66.37343,-23.4177,0
            -66.37343,-23.41769,0
            -66.37339,-23.41752,0
            -66.37336,-23.41735,0
            -66.37334,-23.41702,0
            -66.37333,-23.41654,0
            -66.37332,-23.41645,0
            -66.37331,-23.41606,0
            -66.3733,-23.41596,0
            -66.37325,-23.41573,0
            -66.3732,-23.41556,0
            -66.37281,-23.41446,0
            -66.37276,-23.41429,0
            -66.37274,-23.41419,0
            -66.37272,-23.41413,0
            -66.37267,-23.41371,0
            -66.37267,-23.41349,0
            -66.37268,-23.41329,0
            -66.37271,-23.41303,0
            -66.3728,-23.4127,0
            -66.37292,-23.41236,0
            -66.37297,-23.41225,0
            -66.37311,-23.41198,0
            -66.37348,-23.41133,0
            -66.3737,-23.41088,0
            -66.37377,-23.41069,0
            -66.37383,-23.41056,0
            -66.37394,-23.41022,0
            -66.37405,-23.4097,0
            -66.37409,-23.40943,0
            -66.3741,-23.4094,0
            -66.37411,-23.40922,0
            -66.37412,-23.40915,0
            -66.37412,-23.40904,0
            -66.37413,-23.40892,0
            -66.37413,-23.40872,0
            -66.37412,-23.40859,0
            -66.37412,-23.4085,0
            -66.37411,-23.40836,0
            -66.37402,-23.40781,0
            -66.37389,-23.40732,0
            -66.37388,-23.40726,0
            -66.37371,-23.40681,0
            -66.37357,-23.40653,0
            -66.37333,-23.40611,0
            -66.37304,-23.4057,0
            -66.37299,-23.40562,0
            -66.3726,-23.40518,0
            -66.37183,-23.40438,0
            -66.37178,-23.40432,0
            -66.37174,-23.40429,0
            -66.37035,-23.4028,0
            -66.37006,-23.40253,0
            -66.36989,-23.40239,0
            -66.36968,-23.40225,0
            -66.36926,-23.40203,0
            -66.36904,-23.40195,0
            -66.36886,-23.4019,0
            -66.36848,-23.40182,0
            -66.36812,-23.40179,0
            -66.36775,-23.4018,0
            -66.36758,-23.40182,0
            -66.36741,-23.40185,0
            -66.3674,-23.40185,0
            -66.36719,-23.4019,0
            -66.36703,-23.40196,0
            -66.36699,-23.40198,0
            -66.36679,-23.40206,0
            -66.36578,-23.40254,0
            -66.36543,-23.40266,0
            -66.36509,-23.40273,0
            -66.36498,-23.40274,0
            -66.36479,-23.40277,0
            -66.36462,-23.40278,0
            -66.36459,-23.40277,0
            -66.3644,-23.40277,0
            -66.36411,-23.40274,0
            -66.36358,-23.40263,0
            -66.36344,-23.40259,0
            -66.36067,-23.40194,0
            -66.36031,-23.40184,0
            -66.36019,-23.40182,0
            -66.36,-23.40177,0
            -66.35887,-23.40153,0
            -66.35886,-23.40153,0
            -66.35847,-23.40145,0
            -66.35834,-23.40143,0
            -66.35797,-23.40141,0
            -66.35774,-23.40142,0
            -66.35737,-23.40146,0
            -66.35703,-23.40156,0
            -66.35666,-23.40171,0
            -66.35641,-23.40184,0
            -66.35571,-23.40216,0
            -66.35571,-23.40217,0
            -66.35554,-23.40225,0
            -66.35524,-23.40243,0
            -66.35505,-23.4026,0
            -66.35484,-23.40286,0
            -66.35473,-23.40302,0
            -66.35462,-23.40316,0
            -66.35452,-23.40331,0
            -66.35451,-23.40331,0
            -66.35433,-23.40357,0
            -66.3543,-23.40362,0
            -66.35399,-23.40406,0
            -66.35399,-23.40407,0
            -66.35397,-23.4041,0
            -66.35392,-23.4042,0
            -66.35391,-23.40424,0
            -66.3539,-23.40425,0
            -66.35388,-23.40437,0
            -66.35388,-23.40447,0
            -66.35389,-23.40452,0
            -66.35391,-23.40457,0
            -66.35393,-23.4046,0
            -66.35394,-23.40464,0
            -66.35403,-23.40473,0
            -66.35506,-23.40547,0
            -66.35515,-23.40549,0
            -66.35525,-23.40549,0
            -66.35529,-23.40548,0
            -66.35531,-23.40547,0
            -66.35532,-23.40546,0
            -66.35534,-23.40545,0
            -66.35538,-23.40541,0
            -66.35539,-23.40537,0
            -66.35541,-23.40534,0
            -66.3554,-23.40528,0
            -66.3554,-23.40523,0
            -66.35539,-23.4052,0
            -66.35538,-23.40518,0
            -66.35538,-23.40515,0
            -66.35537,-23.40511,0
            -66.35533,-23.40505,0
            -66.35532,-23.40501,0
            -66.3553,-23.40498,0
            -66.35525,-23.40484,0
            -66.35518,-23.40469,0
            -66.35514,-23.40457,0
            -66.35511,-23.40438,0
            -66.35511,-23.40432,0
            -66.35513,-23.40418,0
            -66.35519,-23.40399,0
            -66.35523,-23.40392,0
            -66.35528,-23.40385,0
            -66.35532,-23.40382,0
            -66.35535,-23.40381,0
            -66.35538,-23.40379,0
            -66.35546,-23.40377,0
            -66.35552,-23.40376,0
            -66.35558,-23.40376,0
            -66.35561,-23.40377,0
            -66.35569,-23.40381,0
            -66.35572,-23.40383,0
            -66.35575,-23.40388,0
            -66.35577,-23.40393,0
            -66.35578,-23.40398,0
            -66.35578,-23.40404,0
            -66.35577,-23.40412,0
            -66.35574,-23.40426,0
            -66.35571,-23.40451,0
            -66.35571,-23.40458,0
            -66.35573,-23.40468,0
            -66.35574,-23.4047,0
            -66.35574,-23.40474,0
            -66.3558,-23.40484,0
            -66.35582,-23.40486,0
            -66.35587,-23.40493,0
            -66.35617,-23.40521,0
            -66.35622,-23.40524,0
            -66.35628,-23.40529,0
            -66.35634,-23.40533,0
            -66.35644,-23.40537,0
            -66.3565,-23.4054,0
            -66.35658,-23.40543,0
            -66.35666,-23.40545,0
            -66.35674,-23.40548,0
            -66.357,-23.40554,0
            -66.35792,-23.40579,0
            -66.35816,-23.40582,0
            -66.3586,-23.40578,0
            -66.35867,-23.40579,0
            -66.35873,-23.40581,0
            -66.35877,-23.40584,0
            -66.3588,-23.40587,0
            -66.35883,-23.40592,0
            -66.35885,-23.40599,0
            -66.35885,-23.40608,0
            -66.35884,-23.40613,0
            -66.35874,-23.4064,0
            -66.35874,-23.40641,0
            -66.35869,-23.40656,0
            -66.35868,-23.40658,0
            -66.35865,-23.40674,0
            -66.35865,-23.40694,0
            -66.35866,-23.40702,0
            -66.3587,-23.40723,0
            -66.3589,-23.40799,0
            -66.35898,-23.40834,0
            -66.35903,-23.40851,0
            -66.35903,-23.40852,0
            -66.3595,-23.41025,0
            -66.35951,-23.41026,0
            -66.35966,-23.41079,0
            -66.35967,-23.41087,0
            -66.3597,-23.41095,0
            -66.3597,-23.41096,0
            -66.35972,-23.41105,0
            -66.35973,-23.41112,0
            -66.35973,-23.41114,0
            -66.35975,-23.41132,0
            -66.35975,-23.41154,0
            -66.35974,-23.41162,0
            -66.3597,-23.41183,0
            -66.35969,-23.41185,0
            -66.35962,-23.41206,0
            -66.35853,-23.41433,0
            -66.35846,-23.41449,0
            -66.35845,-23.4145,0
            -66.35828,-23.41485,0
            -66.35813,-23.41512,0
            -66.35811,-23.41514,0
            -66.358,-23.41529,0
            -66.35787,-23.41549,0
            -66.35761,-23.4158,0
            -66.35721,-23.41618,0
            -66.35695,-23.41638,0
            -66.35655,-23.41663,0
            -66.35618,-23.41683,0
            -66.35435,-23.41769,0
            -66.35405,-23.41782,0
            -66.35379,-23.41795,0
            -66.35342,-23.41811,0
            -66.35291,-23.41836,0
            -66.35178,-23.41883,0
            -66.35148,-23.41893,0
            -66.3511,-23.41904,0
            -66.34685,-23.42012,0
            -66.34534,-23.42048,0
            -66.34533,-23.42048,0
            -66.3446,-23.4207,0
            -66.34406,-23.42094,0
            -66.34403,-23.42095,0
            -66.34376,-23.42111,0
            -66.34336,-23.42138,0
            -66.34311,-23.42159,0
            -66.34276,-23.42193,0
            -66.34241,-23.42236,0
            -66.34051,-23.42495,0
            -66.34027,-23.42526,0
            -66.33685,-23.42996,0
            -66.33642,-23.43049,0
            -66.33606,-23.43087,0
            -66.33571,-23.43121,0
            -66.33565,-23.43125,0
            -66.33528,-23.43157,0
            -66.32286,-23.4416,0
            -66.32283,-23.44162,0
            -66.32231,-23.44207,0
            -66.3221,-23.44232,0
            -66.32184,-23.44268,0
            -66.32163,-23.44305,0
            -66.3215,-23.44335,0
            -66.32138,-23.44374,0
            -66.32129,-23.44437,0
            -66.32128,-23.44439,0
            -66.32106,-23.44618,0
            -66.32102,-23.44636,0
            -66.32098,-23.44648,0
            -66.32091,-23.44662,0
            -66.32083,-23.44673,0
            -66.32074,-23.44684,0
            -66.32051,-23.44701,0
            -66.32033,-23.44709,0
            -66.32023,-23.44711,0
            -66.32014,-23.44712,0
            -66.32005,-23.44712,0
            -66.31997,-23.44711,0
            -66.31983,-23.44708,0
            -66.31972,-23.44703,0
            -66.31965,-23.44699,0
            -66.31954,-23.4469,0
            -66.31945,-23.44678,0
            -66.3194,-23.4467,0
            -66.31932,-23.4466,0
            -66.3193,-23.44657,0
            -66.31864,-23.44582,0
            -66.31835,-23.44552,0
            -66.31817,-23.44538,0
            -66.31721,-23.44475,0
            -66.3172,-23.44474,0
            -66.31658,-23.44433,0
            -66.31611,-23.444,0
            -66.31524,-23.44342,0
            -66.31515,-23.44338,0
            -66.31494,-23.44327,0
            -66.31467,-23.44317,0
            -66.31448,-23.44313,0
            -66.31432,-23.44313,0
            -66.3141,-23.44315,0
            -66.31383,-23.44321,0
            -66.31356,-23.44333,0
            -66.31333,-23.44347,0
            -66.31329,-23.4435,0
            -66.31316,-23.44357,0
            -66.3129,-23.44374,0
            -66.31208,-23.44424,0
            -66.31162,-23.44454,0
            -66.31125,-23.44475,0
            -66.31115,-23.44479,0
            -66.31094,-23.44484,0
            -66.31081,-23.44486,0
            -66.30912,-23.44491,0
            -66.30891,-23.44494,0
            -66.30871,-23.44498,0
            -66.30858,-23.44503,0
            -66.30838,-23.44512,0
            -66.30817,-23.44524,0
            -66.30816,-23.44525,0
            -66.30799,-23.44536,0
            -66.30702,-23.44594,0
            -66.3069,-23.44602,0
            -66.30686,-23.44604,0
            -66.30653,-23.44626,0
            -66.30642,-23.44637,0
            -66.30635,-23.44646,0
            -66.30623,-23.44664,0
            -66.30568,-23.44778,0
            -66.30566,-23.44785,0
            -66.30562,-23.44794,0
            -66.30558,-23.4481,0
            -66.30556,-23.4483,0
            -66.30558,-23.44851,0
            -66.3056,-23.44855,0
            -66.30565,-23.44869,0
            -66.30576,-23.44885,0
            -66.30588,-23.44896,0
            -66.30612,-23.44913,0
            -66.30621,-23.44922,0
            -66.30622,-23.44922,0
            -66.30633,-23.44937,0
            -66.30635,-23.44943,0
            -66.30637,-23.44954,0
            -66.30637,-23.4496,0
            -66.30636,-23.44968,0
            -66.3063,-23.44986,0
            -66.30621,-23.45001,0
            -66.30606,-23.45015,0
            -66.30571,-23.45037,0
            -66.30541,-23.4505,0
            -66.30347,-23.45116,0
            -66.30316,-23.45131,0
            -66.30301,-23.45142,0
            -66.303,-23.45142,0
            -66.30287,-23.45154,0
            -66.30255,-23.45187,0
            -66.30201,-23.45248,0
            -66.30199,-23.45251,0
            -66.30172,-23.45277,0
            -66.30149,-23.45292,0
            -66.30016,-23.45352,0
            -66.29998,-23.45359,0
            -66.29944,-23.45387,0
            -66.29843,-23.45446,0
            -66.29802,-23.45472,0
            -66.2978,-23.45488,0
            -66.29769,-23.45497,0
            -66.29764,-23.45502,0
            -66.2975,-23.45518,0
            -66.29736,-23.45538,0
            -66.29697,-23.45608,0
            -66.29689,-23.45621,0
            -66.29688,-23.45622,0
            -66.2968,-23.45635,0
            -66.29653,-23.45661,0
            -66.29588,-23.45704,0
            -66.29573,-23.45713,0
            -66.29572,-23.45714,0
            -66.29562,-23.45718,0
            -66.29553,-23.4572,0
            -66.2955,-23.45721,0
            -66.29542,-23.45721,0
            -66.29527,-23.45719,0
            -66.29516,-23.45715,0
            -66.29506,-23.45709,0
            -66.295,-23.45704,0
            -66.29491,-23.45692,0
            -66.2949,-23.45688,0
            -66.29487,-23.45681,0
            -66.29485,-23.45674,0
            -66.29485,-23.45653,0
            -66.29487,-23.45619,0
            -66.29487,-23.45601,0
            -66.29485,-23.45581,0
            -66.29479,-23.45554,0
            -66.29463,-23.45501,0
            -66.29461,-23.45486,0
            -66.29461,-23.45471,0
            -66.29465,-23.45459,0
            -66.29477,-23.45438,0
            -66.29483,-23.45431,0
            -66.29496,-23.45419,0
            -66.29565,-23.45349,0
            -66.29575,-23.45337,0
            -66.29583,-23.45318,0
            -66.29585,-23.45311,0
            -66.29585,-23.45306,0
            -66.29586,-23.453,0
            -66.29586,-23.4528,0
            -66.29584,-23.45272,0
            -66.29582,-23.45261,0
            -66.29563,-23.45221,0
            -66.29511,-23.45124,0
            -66.29491,-23.4509,0
            -66.29306,-23.44742,0
            -66.29293,-23.44714,0
            -66.29263,-23.44633,0
            -66.29233,-23.44529,0
            -66.292,-23.44403,0
            -66.29186,-23.44344,0
            -66.29179,-23.443,0
            -66.29177,-23.44291,0
            -66.29171,-23.44231,0
            -66.29152,-23.43855,0
            -66.29151,-23.43852,0
            -66.29148,-23.43828,0
            -66.29146,-23.4382,0
            -66.29144,-23.43815,0
            -66.29141,-23.4381,0
            -66.2913,-23.43795,0
            -66.29123,-23.43789,0
            -66.29102,-23.43776,0
            -66.29077,-23.43767,0
            -66.29018,-23.43751,0
            -66.29005,-23.43746,0
            -66.28995,-23.43741,0
            -66.28994,-23.43741,0
            -66.28983,-23.43735,0
            -66.28972,-23.43726,0
            -66.28965,-23.43718,0
            -66.28954,-23.43703,0
            -66.28954,-23.43702,0
            -66.28947,-23.43686,0
            -66.28858,-23.43448,0
            -66.28851,-23.43426,0
            -66.28848,-23.43413,0
            -66.28847,-23.4339,0
            -66.2885,-23.43319,0
            -66.28855,-23.43294,0
            -66.28857,-23.43288,0
            -66.28877,-23.4324,0
            -66.28894,-23.43204,0
            -66.289,-23.43187,0
            -66.28905,-23.4317,0
            -66.28907,-23.43156,0
            -66.28907,-23.43152,0
            -66.28909,-23.43134,0
            -66.2891,-23.43098,0
            -66.28909,-23.43083,0
            -66.28907,-23.43073,0
            -66.28901,-23.4306,0
            -66.28894,-23.43051,0
            -66.28889,-23.43046,0
            -66.28882,-23.4304,0
            -66.28868,-23.43033,0
            -66.28847,-23.43024,0
            -66.28841,-23.43022,0
            -66.28832,-23.43018,0
            -66.28816,-23.43015,0
            -66.28805,-23.43014,0
            -66.28786,-23.43014,0
            -66.28762,-23.4302,0
            -66.28757,-23.43023,0
            -66.28752,-23.43025,0
            -66.28745,-23.4303,0
            -66.28737,-23.43038,0
            -66.28729,-23.43049,0
            -66.28708,-23.43086,0
            -66.28678,-23.43143,0
            -66.28643,-23.43219,0
            -66.28642,-23.4322,0
            -66.28593,-23.4333,0
            -66.28587,-23.43347,0
            -66.28581,-23.43367,0
            -66.28579,-23.43381,0
            -66.28579,-23.43399,0
            -66.28582,-23.43436,0
            -66.28585,-23.43461,0
            -66.28586,-23.43475,0
            -66.28586,-23.43485,0
            -66.28585,-23.43492,0
            -66.28583,-23.43499,0
            -66.28579,-23.43505,0
            -66.28572,-23.43512,0
            -66.28566,-23.43516,0
            -66.28556,-23.43519,0
            -66.28547,-23.4352,0
            -66.28537,-23.43518,0
            -66.28529,-23.43515,0
            -66.28523,-23.43512,0
            -66.28519,-23.43508,0
            -66.28513,-23.435,0
            -66.28502,-23.43477,0
            -66.28465,-23.43407,0
            -66.28461,-23.43396,0
            -66.28455,-23.43383,0
            -66.28454,-23.43379,0
            -66.28445,-23.43354,0
            -66.28439,-23.43328,0
            -66.28438,-23.43327,0
            -66.28435,-23.43305,0
            -66.28413,-23.43051,0
            -66.284,-23.42825,0
            -66.28398,-23.42767,0
            -66.28393,-23.42733,0
            -66.28388,-23.4272,0
            -66.28381,-23.42706,0
            -66.2837,-23.4269,0
            -66.2836,-23.42679,0
            -66.28352,-23.42672,0
            -66.28329,-23.42657,0
            -66.28298,-23.42643,0
            -66.28279,-23.42636,0
            -66.28259,-23.4263,0
            -66.28218,-23.42622,0
            -66.28195,-23.42619,0
            -66.28128,-23.42619,0
            -66.28009,-23.42623,0
            -66.27906,-23.4262,0
            -66.27803,-23.42607,0
            -66.27764,-23.42601,0
            -66.27688,-23.42586,0
            -66.27652,-23.42574,0
            -66.27633,-23.42565,0
            -66.27615,-23.42555,0
            -66.27593,-23.4254,0
            -66.27586,-23.42533,0
            -66.2756,-23.42511,0
            -66.27545,-23.42495,0
            -66.27522,-23.42468,0
            -66.27494,-23.42441,0
            -66.27475,-23.42426,0
            -66.27449,-23.4241,0
            -66.27446,-23.42409,0
            -66.27429,-23.424,0
            -66.27428,-23.424,0
            -66.27411,-23.42393,0
            -66.27393,-23.42389,0
            -66.27372,-23.42386,0
            -66.27353,-23.42387,0
            -66.27336,-23.42392,0
            -66.27316,-23.424,0
            -66.27303,-23.42408,0
            -66.27282,-23.42426,0
            -66.2728,-23.42427,0
            -66.2716,-23.42532,0
            -66.27152,-23.42538,0
            -66.27145,-23.42544,0
            -66.27134,-23.42551,0
            -66.27122,-23.42557,0
            -66.2709,-23.42568,0
            -66.27083,-23.42571,0
            -66.27071,-23.42575,0
            -66.27049,-23.42585,0
            -66.27048,-23.42586,0
            -66.27032,-23.42597,0
            -66.27027,-23.42602,0
            -66.27016,-23.42611,0
            -66.27005,-23.42624,0
            -66.27003,-23.42629,0
            -66.27,-23.42639,0
            -66.26999,-23.42644,0
            -66.26999,-23.42653,0
            -66.27002,-23.42663,0
            -66.27008,-23.42675,0
            -66.2701,-23.42678,0
            -66.27021,-23.42691,0
            -66.27042,-23.42713,0
            -66.27047,-23.42721,0
            -66.2705,-23.42728,0
            -66.27052,-23.42736,0
            -66.27053,-23.42746,0
            -66.27051,-23.42751,0
            -66.2705,-23.42757,0
            -66.27046,-23.42766,0
            -66.27044,-23.42768,0
            -66.27041,-23.42775,0
            -66.27036,-23.42781,0
            -66.27028,-23.42789,0
            -66.27024,-23.42794,0
            -66.27017,-23.42805,0
            -66.27012,-23.42816,0
            -66.27003,-23.42847,0
            -66.27003,-23.42848,0
            -66.26966,-23.43007,0
            -66.26966,-23.43009,0
            -66.26968,-23.43021,0
            -66.26969,-23.43024,0
            -66.26969,-23.43025,0
            -66.26975,-23.43037,0
            -66.26984,-23.43046,0
            -66.26989,-23.4305,0
            -66.27021,-23.4307,0
            -66.27025,-23.43072,0
            -66.27026,-23.43073,0
            -66.2703,-23.43075,0
            -66.27033,-23.43078,0
            -66.27037,-23.43081,0
            -66.2704,-23.43084,0
            -66.27044,-23.4309,0
            -66.27046,-23.43097,0
            -66.27046,-23.43102,0
            -66.27044,-23.43111,0
            -66.27042,-23.43114,0
            -66.2704,-23.43118,0
            -66.27039,-23.43118,0
            -66.27038,-23.43121,0
            -66.27035,-23.43124,0
            -66.27031,-23.43126,0
            -66.27025,-23.43128,0
            -66.27019,-23.43129,0
            -66.27005,-23.43129,0
            -66.26987,-23.43126,0
            -66.26986,-23.43125,0
            -66.26967,-23.43122,0
            -66.26939,-23.43116,0
            -66.26915,-23.43113,0
            -66.26872,-23.43106,0
            -66.2687,-23.43106,0
            -66.26637,-23.43073,0
            -66.26622,-23.4307,0
            -66.26619,-23.4307,0
            -66.26598,-23.43068,0
            -66.26582,-23.4307,0
            -66.26573,-23.43073,0
            -66.26563,-23.43079,0
            -66.26547,-23.43093,0
            -66.26518,-23.43115,0
            -66.26499,-23.43131,0
            -66.26492,-23.43141,0
            -66.26485,-23.43156,0
            -66.26482,-23.43165,0
            -66.26477,-23.43175,0
            -66.26461,-23.43197,0
            -66.26432,-23.43229,0
            -66.26418,-23.43246,0
            -66.26375,-23.43292,0
            -66.26359,-23.43312,0
            -66.2633,-23.43342,0
            -66.26161,-23.43492,0
            -66.26139,-23.43514,0
            -66.26135,-23.43519,0
            -66.26114,-23.43542,0
            -66.2611,-23.43547,0
            -66.26108,-23.43549,0
            -66.26086,-23.43576,0
            -66.26065,-23.43595,0
            -66.25998,-23.43647,0
            -66.25977,-23.43662,0
            -66.25946,-23.43686,0
            -66.25931,-23.43696,0
            -66.25904,-23.4371,0
            -66.25885,-23.43717,0
            -66.25883,-23.43718,0
            -66.25848,-23.43728,0
            -66.25843,-23.4373,0
            -66.25811,-23.4374,0
            -66.25807,-23.43742,0
            -66.2578,-23.43748,0
            -66.25756,-23.43751,0
            -66.25753,-23.43751,0
            -66.25741,-23.43754,0
            -66.25735,-23.43755,0
            -66.25734,-23.43756,0
            -66.25727,-23.43758,0
            -66.25719,-23.43763,0
            -66.25718,-23.43765,0
            -66.25713,-23.43769,0
            -66.25701,-23.43787,0
            -66.25696,-23.43807,0
            -66.25694,-23.43813,0
            -66.25678,-23.43883,0
            -66.25672,-23.43897,0
            -66.2567,-23.439,0
            -66.2566,-23.43909,0
            -66.25655,-23.43912,0
            -66.25638,-23.4392,0
            -66.25633,-23.43921,0
            -66.25582,-23.43938,0
            -66.25525,-23.43954,0
            -66.25499,-23.43963,0
            -66.2549,-23.43969,0
            -66.25485,-23.43973,0
            -66.2548,-23.43978,0
            -66.25475,-23.43984,0
            -66.25473,-23.43988,0
            -66.25471,-23.43991,0
            -66.25469,-23.43993,0
            -66.25467,-23.43997,0
            -66.25465,-23.43999,0
            -66.25463,-23.44003,0
            -66.25458,-23.44008,0
            -66.25446,-23.44017,0
            -66.25441,-23.44019,0
            -66.25435,-23.44022,0
            -66.25426,-23.44024,0
            -66.25415,-23.44028,0
            -66.254,-23.4403,0
            -66.25392,-23.44032,0
            -66.25349,-23.4404,0
            -66.2533,-23.4404,0
            -66.25323,-23.44039,0
            -66.25285,-23.44031,0
            -66.25268,-23.44026,0
            -66.25247,-23.44021,0
            -66.25171,-23.44006,0
            -66.25084,-23.43981,0
            -66.25058,-23.43976,0
            -66.25019,-23.43972,0
            -66.24977,-23.4397,0
            -66.24902,-23.43963,0
            -66.24899,-23.43962,0
            -66.2487,-23.43959,0
            -66.24849,-23.43958,0
            -66.24824,-23.43961,0
            -66.24814,-23.43964,0
            -66.24805,-23.43965,0
            -66.24766,-23.43973,0
            -66.24764,-23.43973,0
            -66.24715,-23.43984,0
            -66.24692,-23.43993,0
            -66.24682,-23.43998,0
            -66.24668,-23.44007,0
            -66.24643,-23.4402,0
            -66.24625,-23.44031,0
            -66.24624,-23.44031,0
            -66.2461,-23.44039,0
            -66.24587,-23.44046,0
            -66.24563,-23.44052,0
            -66.24501,-23.44065,0
            -66.24485,-23.44066,0
            -66.24455,-23.4406,0
            -66.24445,-23.44056,0
            -66.24345,-23.44022,0
            -66.24341,-23.44021,0
            -66.24235,-23.43984,0
            -66.24217,-23.43977,0
            -66.24198,-23.43971,0
            -66.24188,-23.43967,0
            -66.2418,-23.43965,0
            -66.24125,-23.43945,0
            -66.24047,-23.43919,0
            -66.23961,-23.43887,0
            -66.23937,-23.43876,0
            -66.23894,-23.43849,0
            -66.23879,-23.43837,0
            -66.23862,-23.43822,0
            -66.23778,-23.43728,0
            -66.23775,-23.43724,0
            -66.23722,-23.43669,0
            -66.23669,-23.43629,0
            -66.236,-23.43582,0
            -66.23557,-23.43551,0
            -66.23541,-23.43541,0
            -66.23535,-23.43536,0
            -66.23303,-23.43377,0
            -66.23262,-23.43346,0
            -66.23221,-23.43308,0
            -66.23204,-23.43291,0
            -66.23171,-23.43255,0
            -66.23132,-23.43206,0
            -66.23111,-23.43175,0
            -66.23089,-23.43137,0
            -66.23065,-23.431,0
            -66.22935,-23.42885,0
            -66.22912,-23.42849,0
            -66.22855,-23.42753,0
            -66.22835,-23.42722,0
            -66.22825,-23.42708,0
            -66.22825,-23.42707,0
            -66.22809,-23.42685,0
            -66.228,-23.42676,0
            -66.22792,-23.42667,0
            -66.22784,-23.4266,0
            -66.22777,-23.42653,0
            -66.22747,-23.42633,0
            -66.22743,-23.42631,0
            -66.22735,-23.42626,0
            -66.22699,-23.42611,0
            -66.2269,-23.42608,0
            -66.22656,-23.42601,0
            -66.22637,-23.42599,0
            -66.22618,-23.42598,0
            -66.22593,-23.42599,0
            -66.22518,-23.42607,0
            -66.22515,-23.42607,0
            -66.22496,-23.4261,0
            -66.22491,-23.4261,0
            -66.22447,-23.42616,0
            -66.22412,-23.42623,0
            -66.22379,-23.42631,0
            -66.22343,-23.42642,0
            -66.2232,-23.42651,0
            -66.22291,-23.42664,0
            -66.2229,-23.42664,0
            -66.2226,-23.42679,0
            -66.22255,-23.42681,0
            -66.22086,-23.42766,0
            -66.22049,-23.42783,0
            -66.22031,-23.42793,0
            -66.21997,-23.42809,0
            -66.21952,-23.42833,0
            -66.21945,-23.42836,0
            -66.21812,-23.42903,0
            -66.21807,-23.42905,0
            -66.21687,-23.42965,0
            -66.21669,-23.42973,0
            -66.21566,-23.43024,0
            -66.21563,-23.43026,0
            -66.21548,-23.43032,0
            -66.2154,-23.43036,0
            -66.21496,-23.43054,0
            -66.21418,-23.43075,0
            -66.21373,-23.43082,0
            -66.21361,-23.43083,0
            -66.21349,-23.43085,0
            -66.21342,-23.43085,0
            -66.21324,-23.43087,0
            -66.21304,-23.43088,0
            -66.21259,-23.43088,0
            -66.21224,-23.43085,0
            -66.21216,-23.43085,0
            -66.21136,-23.43071,0
            -66.21072,-23.43052,0
            -66.21071,-23.43051,0
            -66.21035,-23.43037,0
            -66.20995,-23.43018,0
            -66.20961,-23.42998,0
            -66.20936,-23.42982,0
            -66.20906,-23.42961,0
            -66.20905,-23.4296,0
            -66.2081,-23.4289,0
            -66.20761,-23.42856,0
            -66.20603,-23.42741,0
            -66.20601,-23.42739,0
            -66.20496,-23.42662,0
            -66.20495,-23.42662,0
            -66.2033,-23.42542,0
            -66.20288,-23.42513,0
            -66.20224,-23.42475,0
            -66.20197,-23.42461,0
            -66.20192,-23.42459,0
            -66.2016,-23.42443,0
            -66.20127,-23.42429,0
            -66.20091,-23.42416,0
            -66.2009,-23.42415,0
            -66.20014,-23.4239,0
            -66.19944,-23.42373,0
            -66.19941,-23.42373,0
            -66.1991,-23.42367,0
            -66.19871,-23.42358,0
            -66.19827,-23.4235,0
            -66.19736,-23.42331,0
            -66.19711,-23.42327,0
            -66.19566,-23.42297,0
            -66.19558,-23.42296,0
            -66.19302,-23.42243,0
            -66.19282,-23.4224,0
            -66.19256,-23.42234,0
            -66.19177,-23.42221,0
            -66.1911,-23.42215,0
            -66.19069,-23.42213,0
            -66.1901,-23.42213,0
            -66.19004,-23.42214,0
            -66.18967,-23.42215,0
            -66.18835,-23.42233,0
            -66.188,-23.4224,0
            -66.18341,-23.42313,0
            -66.18328,-23.42316,0
            -66.17964,-23.42376,0
            -66.17902,-23.4239,0
            -66.17848,-23.42405,0
            -66.1783,-23.42412,0
            -66.1782,-23.42415,0
            -66.17792,-23.42425,0
            -66.17732,-23.4245,0
            -66.17268,-23.42667,0
            -66.1726,-23.4267,0
            -66.17093,-23.42748,0
            -66.17076,-23.42757,0
            -66.17068,-23.4276,0
            -66.16377,-23.43083,0
            -66.16246,-23.43142,0
            -66.16141,-23.43186,0
            -66.15731,-23.43343,0
            -66.15713,-23.43349,0
            -66.15171,-23.43555,0
            -66.15164,-23.43557,0
            -66.13983,-23.44008,0
            -66.13979,-23.44009,0
            -66.12778,-23.44465,0
            -66.12672,-23.44508,0
            -66.12569,-23.4456,0
            -66.12519,-23.4459,0
            -66.12468,-23.44624,0
            -66.12402,-23.44675,0
            -66.12347,-23.44723,0
            -66.12294,-23.44776,0
            -66.11805,-23.45327,0
            -66.11737,-23.45406,0
            -66.11536,-23.45632,0
            -66.1153,-23.45638,0
            -66.11113,-23.46108,0
            -66.11053,-23.46166,0
            -66.1097,-23.46233,0
            -66.10928,-23.46263,0
            -66.10892,-23.46286,0
            -66.10301,-23.46638,0
            -66.103,-23.46638,0
            -66.09758,-23.4696,0
            -66.09754,-23.46962,0
            -66.08421,-23.47753,0
            -66.08331,-23.47811,0
            -66.07576,-23.48335,0
            -66.07343,-23.48487,0
            -66.07341,-23.48488,0
            -66.04645,-23.50229,0
            -66.04639,-23.50232,0
            -66.04562,-23.5028,0
            -66.0451,-23.50309,0
            -66.04457,-23.50335,0
            -66.04394,-23.50361,0
            -66.02671,-23.51014,0
            -66.02664,-23.51016,0
            -66.01998,-23.51269,0
            -66.01982,-23.51274,0
            -66.00658,-23.51774,0
            -66.00602,-23.51801,0
            -66.00538,-23.51834,0
            -66.00472,-23.51873,0
            -65.94933,-23.55414,0
            -65.94917,-23.55425,0
            -65.93792,-23.56144,0
            -65.9379,-23.56145,0
            -65.91553,-23.57576,0
            -65.91488,-23.57616,0
            -65.91392,-23.57678,0
            -65.91377,-23.57689,0
            -65.91141,-23.57838,0
            -65.91114,-23.57854,0
            -65.88752,-23.59365,0
            -65.88745,-23.5937,0
            -65.88193,-23.59722,0
            -65.88109,-23.59778,0
            -65.87813,-23.59968,0
            -65.87734,-23.60016,0
            -65.86496,-23.60808,0
            -65.86443,-23.60844,0
            -65.86419,-23.60864,0
            -65.86388,-23.60893,0
            -65.86366,-23.60918,0
            -65.8633,-23.60964,0
            -65.85649,-23.61956,0
            -65.85621,-23.61999,0
            -65.85605,-23.62021,0
            -65.85343,-23.62404,0
            -65.85303,-23.6246,0
            -65.84138,-23.64158,0
            -65.84041,-23.64304,0
            -65.8401,-23.64347,0
            -65.83997,-23.64362,0
            -65.83982,-23.64377,0
            -65.83976,-23.64382,0
            -65.83964,-23.6439,0
            -65.8395,-23.64398,0
            -65.83932,-23.64406,0
            -65.82639,-23.64885,0
            -65.82467,-23.64943,0
            -65.82055,-23.65061,0
            -65.82005,-23.65074,0
            -65.81153,-23.65274,0
            -65.81088,-23.65288,0
            -65.81036,-23.65297,0
            -65.80974,-23.65304,0
            -65.80929,-23.65307,0
            -65.8019,-23.65322,0
            -65.80141,-23.65328,0
            -65.80077,-23.65342,0
            -65.80048,-23.6535,0
            -65.79975,-23.65377,0
            -65.79621,-23.65519,0
            -65.79614,-23.65524,0
            -65.79371,-23.6562,0
            -65.79367,-23.65622,0
            -65.79227,-23.65678,0
            -65.79225,-23.65678,0
            -65.79209,-23.65685,0
            -65.79137,-23.65713,0
            -65.79119,-23.65721,0
            -65.79115,-23.65722,0
            -65.78454,-23.65982,0
            -65.78434,-23.65989,0
            -65.78361,-23.66009,0
            -65.78299,-23.66019,0
            -65.7828,-23.66021,0
            -65.78276,-23.66022,0
            -65.77869,-23.66054,0
            -65.77811,-23.66063,0
            -65.77792,-23.66068,0
            -65.77769,-23.66073,0
            -65.76999,-23.66296,0
            -65.76994,-23.66298,0
            -65.76544,-23.66428,0
            -65.76539,-23.66429,0
            -65.76492,-23.66446,0
            -65.76465,-23.66457,0
            -65.76387,-23.66494,0
            -65.76384,-23.66495,0
            -65.76367,-23.66504,0
            -65.7636,-23.66507,0
            -65.76309,-23.66538,0
            -65.76272,-23.66565,0
            -65.76256,-23.66578,0
            -65.76254,-23.66579,0
            -65.76232,-23.666,0
            -65.76228,-23.66603,0
            -65.76214,-23.66616,0
            -65.75977,-23.66856,0
            -65.75956,-23.66879,0
            -65.75926,-23.66915,0
            -65.75907,-23.66943,0
            -65.75895,-23.66959,0
            -65.75839,-23.67052,0
            -65.75829,-23.6707,0
            -65.75591,-23.67461,0
            -65.75573,-23.67493,0
            -65.75464,-23.67674,0
            -65.75448,-23.67697,0
            -65.75445,-23.677,0
            -65.75403,-23.67754,0
            -65.75279,-23.67884,0
            -65.75212,-23.67959,0
            -65.75105,-23.6809,0
            -65.75079,-23.68124,0
            -65.74881,-23.68368,0
            -65.74871,-23.68382,0
            -65.74837,-23.68423,0
            -65.74775,-23.68502,0
            -65.74751,-23.6853,0
            -65.74716,-23.68574,0
            -65.74678,-23.68626,0
            -65.74677,-23.68628,0
            -65.74665,-23.68645,0
            -65.74604,-23.6874,0
            -65.7456,-23.68812,0
            -65.74555,-23.68818,0
            -65.74548,-23.6883,0
            -65.74522,-23.68865,0
            -65.74465,-23.68935,0
            -65.74389,-23.69024,0
            -65.74351,-23.69064,0
            -65.7432,-23.69099,0
            -65.74284,-23.69143,0
            -65.74222,-23.69215,0
            -65.74211,-23.69226,0
            -65.74195,-23.69239,0
            -65.74175,-23.69251,0
            -65.74163,-23.69259,0
            -65.74034,-23.69336,0
            -65.73998,-23.69359,0
            -65.73917,-23.69407,0
            -65.73907,-23.69414,0
            -65.73839,-23.69455,0
            -65.73796,-23.69478,0
            -65.73586,-23.69562,0
            -65.73568,-23.6957,0
            -65.7355,-23.69577,0
            -65.73528,-23.69588,0
            -65.7338,-23.69669,0
            -65.73285,-23.69708,0
            -65.73258,-23.69717,0
            -65.73237,-23.69722,0
            -65.73226,-23.69726,0
            -65.73217,-23.69728,0
            -65.73209,-23.69732,0
            -65.732,-23.69738,0
            -65.73195,-23.69742,0
            -65.73189,-23.69748,0
            -65.73187,-23.69751,0
            -65.73174,-23.69764,0
            -65.73152,-23.69782,0
            -65.73144,-23.69786,0
            -65.7313,-23.69791,0
            -65.73118,-23.69793,0
            -65.73099,-23.69791,0
            -65.73089,-23.69788,0
            -65.7304,-23.69777,0
            -65.73015,-23.69775,0
            -65.7295,-23.69774,0
            -65.72938,-23.69773,0
            -65.72924,-23.6977,0
            -65.72891,-23.69761,0
            -65.72861,-23.69754,0
            -65.72854,-23.69754,0
            -65.72821,-23.69749,0
            -65.72781,-23.69741,0
            -65.72778,-23.6974,0
            -65.72772,-23.69737,0
            -65.72745,-23.69726,0
            -65.72725,-23.69713,0
            -65.72671,-23.69674,0
            -65.72588,-23.69617,0
            -65.72586,-23.69615,0
            -65.72517,-23.69566,0
            -65.72495,-23.69556,0
            -65.72479,-23.69553,0
            -65.72455,-23.6955,0
            -65.72431,-23.69549,0
            -65.72401,-23.6955,0
            -65.72256,-23.69561,0
            -65.72161,-23.69566,0
            -65.72118,-23.69565,0
            -65.72117,-23.69564,0
            -65.72101,-23.69563,0
            -65.72052,-23.69549,0
            -65.72008,-23.69534,0
            -65.71984,-23.69527,0
            -65.71968,-23.69525,0
            -65.71955,-23.69525,0
            -65.71947,-23.69524,0
            -65.71937,-23.69524,0
            -65.71929,-23.69523,0
            -65.71927,-23.69523,0
            -65.71924,-23.69522,0
            -65.71919,-23.69521,0
            -65.71913,-23.69518,0
            -65.71908,-23.69516,0
            -65.71882,-23.69495,0
            -65.71857,-23.69467,0
            -65.71831,-23.69442,0
            -65.71827,-23.69439,0
            -65.71826,-23.69439,0
            -65.71811,-23.6943,0
            -65.7181,-23.6943,0
            -65.71794,-23.69426,0
            -65.7169,-23.69417,0
            -65.71655,-23.69412,0
            -65.71652,-23.69411,0
            -65.71467,-23.69389,0
            -65.71387,-23.69373,0
            -65.71307,-23.69354,0
            -65.71296,-23.69352,0
            -65.71234,-23.69334,0
            -65.71156,-23.69314,0
            -65.71137,-23.69311,0
            -65.71118,-23.69307,0
            -65.71054,-23.69297,0
            -65.71039,-23.69297,0
            -65.71001,-23.69299,0
            -65.70999,-23.693,0
            -65.70982,-23.69302,0
            -65.70982,-23.69303,0
            -65.7094,-23.69311,0
            -65.70919,-23.69318,0
            -65.70898,-23.69327,0
            -65.70869,-23.69346,0
            -65.70848,-23.69365,0
            -65.70832,-23.69382,0
            -65.70817,-23.69401,0
            -65.70808,-23.69415,0
            -65.70799,-23.69433,0
            -65.70793,-23.6945,0
            -65.70789,-23.69477,0
            -65.70788,-23.69497,0
            -65.70787,-23.69504,0
            -65.70787,-23.69515,0
            -65.70785,-23.69551,0
            -65.70785,-23.69563,0
            -65.70784,-23.69576,0
            -65.70781,-23.69592,0
            -65.70776,-23.69603,0
            -65.70775,-23.69604,0
            -65.70773,-23.69608,0
            -65.70768,-23.69614,0
            -65.70755,-23.69624,0
            -65.70743,-23.69628,0
            -65.70693,-23.69642,0
            -65.70669,-23.69647,0
            -65.70622,-23.69662,0
            -65.70526,-23.69686,0
            -65.70507,-23.69692,0
            -65.70489,-23.69699,0
            -65.70476,-23.69705,0
            -65.70463,-23.69712,0
            -65.70443,-23.69726,0
            -65.70431,-23.69736,0
            -65.70408,-23.69758,0
            -65.70334,-23.69847,0
            -65.70311,-23.6987,0
            -65.70278,-23.69897,0
            -65.70245,-23.6992,0
            -65.70219,-23.69936,0
            -65.70218,-23.69936,0
            -65.70203,-23.69945,0
            -65.70157,-23.69965,0
            -65.70135,-23.69972,0
            -65.70077,-23.69985,0
            -65.70071,-23.69987,0
            -65.70026,-23.69997,0
            -65.70004,-23.70004,0
            -65.69983,-23.70015,0
            -65.69933,-23.7005,0
            -65.69932,-23.70051,0
            -65.69902,-23.70071,0
            -65.69901,-23.70071,0
            -65.69862,-23.70099,0
            -65.69811,-23.70132,0
            -65.69576,-23.70273,0
            -65.69531,-23.70298,0
            -65.69517,-23.70302,0
            -65.69502,-23.70303,0
            -65.69491,-23.70302,0
            -65.6948,-23.703,0
            -65.69464,-23.70294,0
            -65.69451,-23.70287,0
            -65.69442,-23.70283,0
            -65.69441,-23.70283,0
            -65.69424,-23.70274,0
            -65.69323,-23.70226,0
            -65.6927,-23.70205,0
            -65.69238,-23.70195,0
            -65.69193,-23.70184,0
            -65.69141,-23.70174,0
            -65.69096,-23.70175,0
            -65.68995,-23.70187,0
            -65.68939,-23.70196,0
            -65.68824,-23.70197,0
            -65.68802,-23.70198,0
            -65.68787,-23.70201,0
            -65.68768,-23.70207,0
            -65.68746,-23.70216,0
            -65.68745,-23.70216,0
            -65.68735,-23.7022,0
            -65.68722,-23.70221,0
            -65.68717,-23.7022,0
            -65.68714,-23.70219,0
            -65.68709,-23.70218,0
            -65.68703,-23.70215,0
            -65.68695,-23.70209,0
            -65.6866,-23.70189,0
            -65.68558,-23.70136,0
            -65.6852,-23.70114,0
            -65.68486,-23.70097,0
            -65.68474,-23.70094,0
            -65.68461,-23.70092,0
            -65.68451,-23.70092,0
            -65.6843,-23.70095,0
            -65.68414,-23.701,0
            -65.684,-23.70106,0
            -65.68388,-23.70115,0
            -65.68364,-23.70135,0
            -65.68318,-23.70182,0
            -65.68312,-23.70186,0
            -65.68307,-23.70191,0
            -65.68299,-23.70194,0
            -65.68294,-23.70195,0
            -65.68289,-23.70195,0
            -65.68278,-23.70193,0
            -65.68269,-23.70188,0
            -65.68264,-23.70183,0
            -65.68204,-23.70108,0
            -65.68191,-23.70088,0
            -65.68186,-23.70077,0
            -65.68182,-23.7006,0
            -65.68178,-23.70028,0
            -65.68174,-23.7002,0
            -65.68172,-23.70018,0
            -65.68169,-23.70014,0
            -65.6816,-23.7001,0
            -65.68155,-23.70009,0
            -65.68149,-23.70009,0
            -65.68143,-23.7001,0
            -65.68137,-23.70013,0
            -65.68006,-23.70112,0
            -65.67992,-23.7012,0
            -65.6798,-23.70126,0
            -65.67971,-23.70127,0
            -65.67965,-23.70127,0
            -65.67957,-23.70126,0
            -65.67951,-23.70124,0
            -65.67936,-23.70114,0
            -65.67929,-23.70105,0
            -65.67926,-23.70096,0
            -65.67923,-23.70077,0
            -65.67923,-23.7007,0
            -65.67911,-23.69945,0
            -65.67908,-23.6993,0
            -65.67906,-23.69925,0
            -65.67901,-23.69918,0
            -65.67897,-23.69916,0
            -65.67891,-23.69914,0
            -65.67886,-23.69913,0
            -65.67882,-23.69913,0
            -65.67878,-23.69914,0
            -65.6787,-23.69918,0
            -65.67865,-23.69921,0
            -65.67833,-23.69953,0
            -65.67831,-23.69956,0
            -65.67791,-23.69994,0
            -65.67767,-23.70015,0
            -65.67762,-23.70018,0
            -65.67758,-23.70019,0
            -65.67746,-23.70019,0
            -65.67737,-23.70018,0
            -65.67733,-23.70017,0
            -65.67724,-23.70013,0
            -65.67719,-23.70009,0
            -65.67694,-23.69982,0
            -65.67687,-23.69971,0
            -65.67683,-23.69961,0
            -65.67682,-23.69956,0
            -65.67681,-23.69946,0
            -65.67681,-23.69937,0
            -65.67682,-23.69928,0
            -65.67682,-23.69886,0
            -65.6768,-23.69873,0
            -65.67678,-23.69864,0
            -65.67672,-23.69846,0
            -65.67667,-23.69835,0
            -65.67662,-23.69821,0
            -65.67659,-23.69818,0
            -65.67657,-23.69815,0
            -65.67647,-23.6981,0
            -65.6764,-23.69808,0
            -65.67635,-23.69808,0
            -65.67624,-23.69811,0
            -65.6762,-23.69813,0
            -65.67618,-23.69815,0
            -65.67611,-23.69825,0
            -65.67601,-23.69858,0
            -65.67601,-23.69859,0
            -65.67593,-23.69874,0
            -65.67585,-23.69885,0
            -65.67574,-23.69896,0
            -65.67552,-23.69914,0
            -65.67536,-23.69923,0
            -65.67482,-23.69945,0
            -65.67477,-23.69946,0
            -65.67465,-23.69953,0
            -65.67458,-23.6996,0
            -65.67454,-23.69965,0
            -65.67448,-23.69976,0
            -65.67434,-23.70043,0
            -65.67428,-23.7006,0
            -65.67419,-23.70072,0
            -65.67414,-23.70077,0
            -65.67393,-23.70092,0
            -65.67377,-23.70107,0
            -65.6737,-23.70116,0
            -65.67364,-23.70127,0
            -65.67362,-23.70133,0
            -65.67362,-23.7014,0
            -65.67361,-23.70151,0
            -65.67364,-23.70163,0
            -65.67372,-23.70184,0
            -65.67384,-23.70207,0
            -65.67391,-23.70224,0
            -65.67392,-23.70225,0
            -65.67404,-23.70257,0
            -65.67404,-23.70258,0
            -65.6741,-23.70285,0
            -65.67411,-23.70294,0
            -65.67413,-23.70305,0
            -65.67415,-23.70311,0
            -65.67416,-23.70312,0
            -65.6742,-23.70319,0
            -65.67425,-23.70326,0
            -65.67432,-23.70334,0
            -65.67441,-23.70342,0
            -65.67455,-23.70358,0
            -65.6746,-23.70367,0
            -65.6746,-23.70369,0
            -65.67463,-23.70379,0
            -65.67468,-23.70417,0
            -65.67473,-23.7044,0
            -65.67478,-23.70454,0
            -65.67488,-23.70471,0
            -65.67493,-23.70478,0
            -65.67496,-23.70481,0
            -65.67501,-23.70487,0
            -65.67582,-23.7056,0
            -65.67593,-23.70572,0
            -65.67597,-23.70577,0
            -65.676,-23.7058,0
            -65.67605,-23.70589,0
            -65.6761,-23.706,0
            -65.67621,-23.70649,0
            -65.67622,-23.70663,0
            -65.67622,-23.7068,0
            -65.67616,-23.70719,0
            -65.67616,-23.70733,0
            -65.67633,-23.70809,0
            -65.67638,-23.70826,0
            -65.67642,-23.70846,0
            -65.67645,-23.70866,0
            -65.67647,-23.70892,0
            -65.67647,-23.70911,0
            -65.67648,-23.70918,0
            -65.67648,-23.70929,0
            -65.67653,-23.71,0
            -65.67657,-23.7104,0
            -65.67658,-23.71061,0
            -65.67656,-23.71085,0
            -65.67653,-23.71099,0
            -65.6764,-23.71137,0
            -65.6763,-23.71154,0
            -65.67622,-23.71165,0
            -65.67615,-23.71172,0
            -65.67609,-23.71179,0
            -65.67602,-23.71185,0
            -65.67567,-23.71221,0
            -65.67542,-23.71252,0
            -65.67502,-23.71306,0
            -65.67483,-23.7133,0
            -65.67478,-23.71338,0
            -65.67474,-23.71342,0
            -65.67467,-23.71346,0
            -65.6746,-23.71349,0
            -65.67451,-23.71349,0
            -65.67443,-23.71347,0
            -65.67439,-23.71344,0
            -65.67431,-23.71336,0
            -65.67429,-23.71328,0
            -65.67429,-23.71324,0
            -65.67433,-23.71316,0
            -65.6745,-23.71296,0
            -65.67483,-23.71251,0
            -65.67484,-23.71248,0
            -65.67511,-23.7121,0
            -65.67529,-23.71179,0
            -65.67538,-23.71158,0
            -65.67542,-23.71144,0
            -65.67543,-23.71139,0
            -65.67546,-23.71103,0
            -65.67546,-23.71078,0
            -65.67544,-23.71067,0
            -65.67544,-23.71063,0
            -65.67541,-23.71041,0
            -65.67533,-23.71013,0
            -65.67519,-23.70955,0
            -65.6751,-23.70927,0
            -65.67494,-23.70899,0
            -65.67461,-23.70856,0
            -65.67447,-23.70841,0
            -65.67409,-23.70807,0
            -65.67379,-23.70785,0
            -65.67336,-23.7076,0
            -65.67334,-23.70758,0
            -65.67322,-23.70751,0
            -65.67308,-23.70737,0
            -65.67293,-23.7072,0
            -65.67251,-23.70678,0
            -65.67243,-23.70668,0
            -65.67238,-23.70659,0
            -65.67237,-23.70653,0
            -65.67235,-23.70647,0
            -65.67235,-23.70642,0
            -65.67232,-23.70624,0
            -65.67232,-23.70621,0
            -65.67226,-23.70594,0
            -65.67217,-23.70563,0
            -65.67211,-23.70552,0
            -65.67203,-23.70534,0
            -65.67201,-23.70531,0
            -65.67191,-23.70513,0
            -65.67179,-23.70495,0
            -65.6717,-23.70483,0
            -65.6716,-23.70472,0
            -65.67144,-23.70458,0
            -65.67129,-23.70447,0
            -65.67115,-23.70438,0
            -65.67106,-23.7043,0
            -65.67091,-23.70414,0
            -65.67082,-23.70402,0
            -65.67077,-23.70394,0
            -65.67071,-23.70382,0
            -65.67066,-23.7037,0
            -65.67054,-23.70337,0
            -65.67053,-23.70332,0
            -65.67046,-23.70325,0
            -65.67043,-23.70323,0
            -65.67039,-23.70321,0
            -65.67032,-23.70319,0
            -65.67023,-23.70319,0
            -65.6702,-23.7032,0
            -65.67017,-23.7032,0
            -65.67014,-23.70322,0
            -65.67012,-23.70323,0
            -65.6701,-23.70325,0
            -65.67007,-23.70327,0
            -65.67005,-23.7033,0
            -65.67004,-23.70334,0
            -65.67002,-23.70337,0
            -65.67002,-23.7034,0
            -65.67001,-23.70349,0
            -65.67002,-23.70363,0
            -65.67004,-23.70456,0
            -65.67002,-23.70464,0
            -65.67,-23.70468,0
            -65.66999,-23.70471,0
            -65.66998,-23.70473,0
            -65.66996,-23.70476,0
            -65.66992,-23.7048,0
            -65.66989,-23.70482,0
            -65.66985,-23.70484,0
            -65.66982,-23.70486,0
            -65.66979,-23.70487,0
            -65.66977,-23.70488,0
            -65.66975,-23.70488,0
            -65.66967,-23.7049,0
            -65.66956,-23.7049,0
            -65.66953,-23.70489,0
            -65.66951,-23.70489,0
            -65.66941,-23.70486,0
            -65.66922,-23.70476,0
            -65.66921,-23.70476,0
            -65.66871,-23.70449,0
            -65.66836,-23.70432,0
            -65.66767,-23.70396,0
            -65.66738,-23.70382,0
            -65.66696,-23.70365,0
            -65.6659,-23.70331,0
            -65.66586,-23.70329,0
            -65.66416,-23.70276,0
            -65.66403,-23.70273,0
            -65.66393,-23.7027,0
            -65.66369,-23.70266,0
            -65.66336,-23.70263,0
            -65.66298,-23.70263,0
            -65.66214,-23.70267,0
            -65.66177,-23.70264,0
            -65.66155,-23.70258,0
            -65.66108,-23.70239,0
            -65.66093,-23.70231,0
            -65.66071,-23.70217,0
            -65.66046,-23.70197,0
            -65.66037,-23.70187,0
            -65.66036,-23.70185,0
            -65.66016,-23.70159,0
            -65.66015,-23.70158,0
            -65.65999,-23.70135,0
            -65.65986,-23.70113,0
            -65.6598,-23.7009,0
            -65.6597,-23.70029,0
            -65.65969,-23.69985,0
            -65.65971,-23.6996,0
            -65.65971,-23.69944,0
            -65.65969,-23.69937,0
            -65.65966,-23.69933,0
            -65.65965,-23.69931,0
            -65.65962,-23.69927,0
            -65.65952,-23.69919,0
            -65.65945,-23.69915,0
            -65.6591,-23.69905,0
            -65.65888,-23.69901,0
            -65.65869,-23.69901,0
            -65.65864,-23.69902,0
            -65.65859,-23.69902,0
            -65.65705,-23.69929,0
            -65.65704,-23.69929,0
            -65.65687,-23.69933,0
            -65.65686,-23.69934,0
            -65.65674,-23.69939,0
            -65.65666,-23.69945,0
            -65.65656,-23.69955,0
            -65.65629,-23.69993,0
            -65.65627,-23.69995,0
            -65.65624,-23.69997,0
            -65.65622,-23.69999,0
            -65.65619,-23.70001,0
            -65.65617,-23.70001,0
            -65.65613,-23.70002,0
            -65.6561,-23.70002,0
            -65.65603,-23.7,0
            -65.65602,-23.7,0
            -65.656,-23.69999,0
            -65.65595,-23.69998,0
            -65.65592,-23.69996,0
            -65.65588,-23.69994,0
            -65.65585,-23.69992,0
            -65.65584,-23.69991,0
            -65.65579,-23.69988,0
            -65.65442,-23.69876,0
            -65.65403,-23.69848,0
            -65.65378,-23.69833,0
            -65.6536,-23.6982,0
            -65.65337,-23.69801,0
            -65.65319,-23.69783,0
            -65.65294,-23.69756,0
            -65.6528,-23.69737,0
            -65.65244,-23.69684,0
            -65.65239,-23.69679,0
            -65.65235,-23.69674,0
            -65.65212,-23.69652,0
            -65.65202,-23.69644,0
            -65.65186,-23.69629,0
            -65.6515,-23.69598,0
            -65.65135,-23.69587,0
            -65.6508,-23.69553,0
            -65.6507,-23.69549,0
            -65.65067,-23.69547,0
            -65.65065,-23.69545,0
            -65.65064,-23.69543,0
            -65.65062,-23.69541,0
            -65.65061,-23.69539,0
            -65.6504,-23.6951,0
            -65.65039,-23.69509,0
            -65.64982,-23.69426,0
            -65.64976,-23.69421,0
            -65.6497,-23.69417,0
            -65.64927,-23.69402,0
            -65.64919,-23.694,0
            -65.64908,-23.69396,0
            -65.64892,-23.69387,0
            -65.64872,-23.69374,0
            -65.64861,-23.69369,0
            -65.64853,-23.69366,0
            -65.64848,-23.69365,0
            -65.64838,-23.69366,0
            -65.64824,-23.69369,0
            -65.64817,-23.69372,0
            -65.64812,-23.69375,0
            -65.64802,-23.69383,0
            -65.64799,-23.69386,0
            -65.64794,-23.69392,0
            -65.64788,-23.6941,0
            -65.64784,-23.69437,0
            -65.64781,-23.69475,0
            -65.64782,-23.69546,0
            -65.64786,-23.6959,0
            -65.6479,-23.69609,0
            -65.6479,-23.69659,0
            -65.64785,-23.69687,0
            -65.64778,-23.69714,0
            -65.64719,-23.69837,0
            -65.64711,-23.69848,0
            -65.64699,-23.6986,0
            -65.64689,-23.69867,0
            -65.6467,-23.69877,0
            -65.64648,-23.69886,0
            -65.6461,-23.69904,0
            -65.64593,-23.6991,0
            -65.64549,-23.69923,0
            -65.64548,-23.69924,0
            -65.64535,-23.69927,0
            -65.64522,-23.69931,0
            -65.64508,-23.69933,0
            -65.64502,-23.69933,0
            -65.64499,-23.69932,0
            -65.64496,-23.69932,0
            -65.64485,-23.69929,0
            -65.64482,-23.69927,0
            -65.64478,-23.69925,0
            -65.64418,-23.6988,0
            -65.64406,-23.6987,0
            -65.64394,-23.69861,0
            -65.64343,-23.69828,0
            -65.64249,-23.69762,0
            -65.64235,-23.69753,0
            -65.64225,-23.69748,0
            -65.64192,-23.69734,0
            -65.64128,-23.69725,0
            -65.64111,-23.69724,0
            -65.64093,-23.69722,0
            -65.64009,-23.69708,0
            -65.63991,-23.69706,0
            -65.63972,-23.69706,0
            -65.63845,-23.69716,0
            -65.63838,-23.69716,0
            -65.63824,-23.69718,0
            -65.63795,-23.69725,0
            -65.63747,-23.69739,0
            -65.63724,-23.69742,0
            -65.63706,-23.69742,0
            -65.63687,-23.69739,0
            -65.63666,-23.69732,0
            -65.63645,-23.69722,0
            -65.63628,-23.6971,0
            -65.6361,-23.69692,0
            -65.63603,-23.69684,0
            -65.63562,-23.69625,0
            -65.63543,-23.696,0
            -65.63492,-23.69527,0
            -65.6347,-23.69501,0
            -65.63344,-23.69361,0
            -65.63324,-23.69337,0
            -65.63296,-23.69301,0
            -65.63275,-23.6927,0
            -65.63263,-23.69245,0
            -65.63248,-23.69206,0
            -65.63245,-23.69182,0
            -65.63246,-23.6918,0
            -65.63246,-23.69175,0
            -65.63247,-23.69169,0
            -65.63251,-23.69157,0
            -65.6326,-23.69144,0
            -65.6327,-23.69136,0
            -65.63282,-23.69132,0
            -65.63293,-23.6913,0
            -65.63309,-23.69128,0
            -65.63328,-23.69124,0
            -65.63339,-23.6912,0
            -65.63346,-23.69116,0
            -65.63347,-23.69115,0
            -65.63353,-23.69111,0
            -65.63364,-23.691,0
            -65.63367,-23.69096,0
            -65.63371,-23.69092,0
            -65.63375,-23.69086,0
            -65.6338,-23.6908,0
            -65.63383,-23.69074,0
            -65.63384,-23.69073,0
            -65.63386,-23.69069,0
            -65.63388,-23.6906,0
            -65.63388,-23.69056,0
            -65.63386,-23.69049,0
            -65.63384,-23.69046,0
            -65.63383,-23.69044,0
            -65.63381,-23.69042,0
            -65.63378,-23.69041,0
            -65.63377,-23.69039,0
            -65.63369,-23.69036,0
            -65.63357,-23.69034,0
            -65.63346,-23.69034,0
            -65.63318,-23.69032,0
            -65.63302,-23.6903,0
            -65.63282,-23.69025,0
            -65.63263,-23.69018,0
            -65.63207,-23.69002,0
            -65.63191,-23.69,0
            -65.63185,-23.69,0
            -65.63158,-23.69002,0
            -65.63145,-23.69004,0
            -65.63072,-23.69009,0
            -65.63032,-23.6901,0
            -65.63027,-23.69009,0
            -65.63013,-23.69008,0
            -65.63004,-23.69006,0
            -65.62994,-23.69003,0
            -65.62993,-23.69003,0
            -65.62985,-23.68999,0
            -65.62977,-23.68997,0
            -65.62969,-23.68992,0
            -65.62962,-23.68989,0
            -65.62936,-23.68972,0
            -65.62923,-23.68962,0
            -65.62889,-23.68931,0
            -65.6284,-23.68881,0
            -65.62833,-23.68873,0
            -65.62829,-23.68867,0
            -65.62827,-23.68862,0
            -65.62826,-23.68858,0
            -65.62826,-23.68854,0
            -65.62827,-23.68849,0
            -65.62832,-23.6884,0
            -65.62835,-23.68836,0
            -65.62842,-23.6883,0
            -65.62846,-23.68828,0
            -65.62884,-23.68803,0
            -65.62892,-23.68796,0
            -65.62961,-23.68725,0
            -65.62972,-23.68715,0
            -65.62987,-23.68704,0
            -65.62998,-23.68693,0
            -65.63007,-23.68681,0
            -65.63013,-23.68667,0
            -65.63015,-23.6866,0
            -65.63016,-23.6865,0
            -65.63011,-23.68622,0
            -65.63011,-23.68619,0
            -65.62996,-23.6857,0
            -65.62996,-23.68569,0
            -65.62979,-23.68518,0
            -65.62973,-23.68497,0
            -65.62958,-23.68451,0
            -65.62951,-23.68417,0
            -65.62947,-23.68393,0
            -65.62939,-23.68331,0
            -65.62934,-23.68276,0
            -65.6293,-23.68193,0
            -65.6293,-23.68182,0
            -65.62935,-23.68152,0
            -65.62944,-23.6811,0
            -65.62945,-23.68108,0
            -65.62945,-23.68101,0
            -65.62946,-23.68097,0
            -65.62945,-23.68094,0
            -65.62945,-23.68091,0
            -65.62944,-23.68088,0
            -65.6294,-23.68082,0
            -65.62936,-23.68078,0
            -65.62933,-23.68078,0
            -65.62931,-23.68077,0
            -65.62928,-23.68077,0
            -65.62919,-23.68079,0
            -65.62916,-23.6808,0
            -65.62915,-23.68081,0
            -65.62913,-23.68082,0
            -65.62911,-23.68084,0
            -65.62908,-23.6809,0
            -65.62906,-23.68097,0
            -65.62906,-23.68144,0
            -65.62905,-23.68167,0
            -65.62896,-23.68237,0
            -65.62873,-23.68371,0
            -65.6287,-23.68396,0
            -65.62869,-23.68435,0
            -65.62872,-23.68489,0
            -65.62875,-23.68517,0
            -65.62873,-23.68527,0
            -65.62872,-23.6853,0
            -65.6287,-23.68532,0
            -65.62868,-23.68535,0
            -65.62864,-23.68538,0
            -65.62863,-23.68539,0
            -65.62861,-23.6854,0
            -65.62854,-23.68542,0
            -65.62849,-23.68542,0
            -65.62845,-23.6854,0
            -65.62842,-23.68539,0
            -65.6284,-23.68538,0
            -65.62837,-23.68535,0
            -65.62835,-23.68532,0
            -65.62831,-23.68521,0
            -65.62831,-23.68516,0
            -65.6283,-23.68511,0
            -65.6283,-23.68454,0
            -65.62827,-23.684,0
            -65.62826,-23.68395,0
            -65.62823,-23.6835,0
            -65.62823,-23.68332,0
            -65.62821,-23.6831,0
            -65.62818,-23.68081,0
            -65.62817,-23.68062,0
            -65.62815,-23.68052,0
            -65.62813,-23.68046,0
            -65.62812,-23.68044,0
            -65.62811,-23.68043,0
            -65.6281,-23.68041,0
            -65.62808,-23.6804,0
            -65.62805,-23.68037,0
            -65.62802,-23.68037,0
            -65.628,-23.68036,0
            -65.62792,-23.68036,0
            -65.62785,-23.6804,0
            -65.6278,-23.68044,0
            -65.62778,-23.68047,0
            -65.62775,-23.68056,0
            -65.62775,-23.68068,0
            -65.6278,-23.68134,0
            -65.62777,-23.68163,0
            -65.6277,-23.68204,0
            -65.62768,-23.68226,0
            -65.62767,-23.6828,0
            -65.62766,-23.68289,0
            -65.62764,-23.68297,0
            -65.62762,-23.68301,0
            -65.62759,-23.68304,0
            -65.62757,-23.68307,0
            -65.62754,-23.68309,0
            -65.62751,-23.6831,0
            -65.62742,-23.6831,0
            -65.62738,-23.68309,0
            -65.62733,-23.68306,0
            -65.6273,-23.68303,0
            -65.62726,-23.68297,0
            -65.62725,-23.68293,0
            -65.62725,-23.68287,0
            -65.62726,-23.68282,0
            -65.62727,-23.68272,0
            -65.62728,-23.68271,0
            -65.62731,-23.68259,0
            -65.62735,-23.68238,0
            -65.62738,-23.68204,0
            -65.62738,-23.68165,0
            -65.62732,-23.68125,0
            -65.62729,-23.68112,0
            -65.62729,-23.68111,0
            -65.62713,-23.68054,0
            -65.62707,-23.68021,0
            -65.62706,-23.68018,0
            -65.62703,-23.68015,0
            -65.627,-23.68011,0
            -65.62697,-23.68009,0
            -65.62696,-23.68009,0
            -65.62692,-23.68007,0
            -65.62688,-23.68006,0
            -65.62684,-23.68006,0
            -65.6268,-23.68007,0
            -65.62676,-23.68009,0
            -65.62673,-23.68011,0
            -65.62671,-23.68014,0
            -65.62669,-23.68018,0
            -65.62667,-23.68021,0
            -65.62666,-23.68022,0
            -65.62666,-23.68024,0
            -65.62665,-23.68027,0
            -65.62666,-23.68034,0
            -65.62669,-23.68045,0
            -65.62674,-23.68054,0
            -65.62689,-23.68087,0
            -65.62698,-23.68113,0
            -65.62702,-23.68134,0
            -65.62702,-23.68151,0
            -65.62701,-23.68162,0
            -65.62697,-23.68187,0
            -65.62689,-23.68213,0
            -65.62685,-23.68222,0
            -65.62682,-23.68226,0
            -65.62678,-23.6823,0
            -65.62673,-23.68233,0
            -65.62666,-23.68235,0
            -65.62662,-23.68235,0
            -65.62659,-23.68234,0
            -65.62654,-23.68233,0
            -65.62646,-23.68228,0
            -65.62645,-23.68227,0
            -65.62638,-23.68222,0
            -65.62632,-23.68217,0
            -65.62621,-23.68209,0
            -65.62614,-23.68205,0
            -65.62609,-23.68201,0
            -65.62582,-23.68189,0
            -65.62562,-23.68182,0
            -65.62561,-23.68182,0
            -65.6246,-23.68156,0
            -65.62417,-23.68148,0
            -65.62336,-23.68142,0
            -65.62314,-23.68137,0
            -65.62301,-23.68131,0
            -65.6227,-23.68111,0
            -65.62258,-23.68104,0
            -65.62234,-23.68093,0
            -65.62214,-23.68085,0
            -65.62198,-23.68076,0
            -65.62192,-23.68071,0
            -65.62186,-23.68067,0
            -65.62174,-23.68055,0
            -65.62166,-23.68046,0
            -65.62154,-23.68034,0
            -65.6213,-23.68015,0
            -65.6212,-23.68009,0
            -65.62101,-23.67999,0
            -65.62062,-23.67983,0
            -65.61999,-23.67968,0
            -65.61864,-23.67944,0
            -65.61851,-23.67944,0
            -65.61833,-23.67948,0
            -65.61825,-23.67951,0
            -65.61817,-23.67955,0
            -65.61808,-23.67958,0
            -65.61797,-23.6796,0
            -65.61794,-23.6796,0
            -65.61786,-23.67959,0
            -65.6178,-23.67957,0
            -65.61774,-23.67951,0
            -65.61771,-23.67945,0
            -65.61775,-23.67934,0
            -65.61778,-23.67929,0
            -65.61781,-23.67927,0
            -65.61781,-23.67926,0
            -65.61785,-23.67924,0
            -65.61788,-23.67921,0
            -65.61793,-23.67919,0
            -65.61798,-23.67918,0
            -65.61807,-23.67917,0
            -65.61825,-23.67919,0
            -65.61858,-23.6792,0
            -65.61891,-23.67919,0
            -65.61895,-23.67918,0
            -65.61921,-23.67917,0
            -65.62016,-23.6791,0
            -65.62044,-23.67909,0
            -65.6206,-23.6791,0
            -65.62079,-23.6791,0
            -65.62101,-23.67912,0
            -65.62151,-23.67919,0
            -65.62171,-23.67926,0
            -65.62196,-23.67936,0
            -65.62204,-23.67938,0
            -65.62208,-23.67938,0
            -65.62212,-23.67937,0
            -65.62215,-23.67937,0
            -65.62229,-23.67929,0
            -65.62234,-23.6792,0
            -65.62235,-23.67916,0
            -65.62235,-23.67905,0
            -65.62233,-23.67901,0
            -65.62232,-23.679,0
            -65.6223,-23.67897,0
            -65.62227,-23.67894,0
            -65.62224,-23.67892,0
            -65.6222,-23.67891,0
            -65.62218,-23.6789,0
            -65.62198,-23.6789,0
            -65.62188,-23.67891,0
            -65.62168,-23.67891,0
            -65.62146,-23.67888,0
            -65.62132,-23.67885,0
            -65.62096,-23.67875,0
            -65.6204,-23.67862,0
            -65.61938,-23.67846,0
            -65.6189,-23.6784,0
            -65.61888,-23.6784,0
            -65.61871,-23.67837,0
            -65.6185,-23.67835,0
            -65.61832,-23.67832,0
            -65.61809,-23.67826,0
            -65.61789,-23.67818,0
            -65.61774,-23.6781,0
            -65.6176,-23.67805,0
            -65.61759,-23.67805,0
            -65.61729,-23.67796,0
            -65.61699,-23.67793,0
            -65.61676,-23.67792,0
            -65.61587,-23.67792,0
            -65.6158,-23.6779,0
            -65.61574,-23.67789,0
            -65.61569,-23.67787,0
            -65.61566,-23.67785,0
            -65.61563,-23.67784,0
            -65.61554,-23.67777,0
            -65.61532,-23.67754,0
            -65.61529,-23.67752,0
            -65.61522,-23.67746,0
            -65.61515,-23.67742,0
            -65.61506,-23.67738,0
            -65.61491,-23.67734,0
            -65.61476,-23.67733,0
            -65.61458,-23.67733,0
            -65.61442,-23.67734,0
            -65.61429,-23.67734,0
            -65.61393,-23.6773,0
            -65.61366,-23.67722,0
            -65.61315,-23.67709,0
            -65.61315,-23.67708,0
            -65.61298,-23.67704,0
            -65.61297,-23.67703,0
            -65.61253,-23.67689,0
            -65.61242,-23.67684,0
            -65.61225,-23.67678,0
            -65.61224,-23.67677,0
            -65.61199,-23.67667,0
            -65.61174,-23.6766,0
            -65.61168,-23.67659,0
            -65.61164,-23.67659,0
            -65.61142,-23.67657,0
            -65.61115,-23.67659,0
            -65.61102,-23.67662,0
            -65.61014,-23.67697,0
            -65.61001,-23.67703,0
            -65.60995,-23.67705,0
            -65.60983,-23.6771,0
            -65.60974,-23.67713,0
            -65.60965,-23.67717,0
            -65.60938,-23.67724,0
            -65.60897,-23.67732,0
            -65.60891,-23.67732,0
            -65.60881,-23.67729,0
            -65.60874,-23.67722,0
            -65.60872,-23.67716,0
            -65.60871,-23.67714,0
            -65.60871,-23.67707,0
            -65.60872,-23.67703,0
            -65.60873,-23.67701,0
            -65.60874,-23.67698,0
            -65.60876,-23.67695,0
            -65.60881,-23.6769,0
            -65.60883,-23.67689,0
            -65.60886,-23.67688,0
            -65.60891,-23.67687,0
            -65.60905,-23.67688,0
            -65.60911,-23.67689,0
            -65.60918,-23.67689,0
            -65.60927,-23.67688,0
            -65.60937,-23.67686,0
            -65.60949,-23.6768,0
            -65.60961,-23.67675,0
            -65.60997,-23.67655,0
            -65.61065,-23.67609,0
            -65.61072,-23.67605,0
            -65.61086,-23.67595,0
            -65.611,-23.67588,0
            -65.61125,-23.67579,0
            -65.61142,-23.67575,0
            -65.61164,-23.67572,0
            -65.61211,-23.67572,0
            -65.61247,-23.67574,0
            -65.61262,-23.67574,0
            -65.61276,-23.67575,0
            -65.61317,-23.67586,0
            -65.61336,-23.6759,0
            -65.61337,-23.6759,0
            -65.61356,-23.67593,0
            -65.61375,-23.67595,0
            -65.61389,-23.67594,0
            -65.61391,-23.67593,0
            -65.61392,-23.67593,0
            -65.61393,-23.67592,0
            -65.61393,-23.67591,0
            -65.61396,-23.67588,0
            -65.61396,-23.67587,0
            -65.61397,-23.67585,0
            -65.61397,-23.67582,0
            -65.61396,-23.6758,0
            -65.61396,-23.67579,0
            -65.61395,-23.67576,0
            -65.61392,-23.67573,0
            -65.61388,-23.6757,0
            -65.61383,-23.67567,0
            -65.61369,-23.6756,0
            -65.61353,-23.67556,0
            -65.6131,-23.67553,0
            -65.61298,-23.67551,0
            -65.61283,-23.67547,0
            -65.61208,-23.67516,0
            -65.61182,-23.67507,0
            -65.61154,-23.67503,0
            -65.61111,-23.67503,0
            -65.6109,-23.67505,0
            -65.61077,-23.67507,0
            -65.61063,-23.67511,0
            -65.61049,-23.67516,0
            -65.61036,-23.67523,0
            -65.61008,-23.67542,0
            -65.61007,-23.67543,0
            -65.60999,-23.67548,0
            -65.60986,-23.67554,0
            -65.60981,-23.67555,0
            -65.60977,-23.67555,0
            -65.60971,-23.67554,0
            -65.60966,-23.67552,0
            -65.60963,-23.6755,0
            -65.6096,-23.67547,0
            -65.60957,-23.67542,0
            -65.60955,-23.67535,0
            -65.60957,-23.67526,0
            -65.6096,-23.6752,0
            -65.60963,-23.67517,0
            -65.60971,-23.67512,0
            -65.60987,-23.67505,0
            -65.61078,-23.67475,0
            -65.61093,-23.67471,0
            -65.61114,-23.6747,0
            -65.61127,-23.67472,0
            -65.61138,-23.67473,0
            -65.61153,-23.67476,0
            -65.6116,-23.67476,0
            -65.61169,-23.67474,0
            -65.61174,-23.67472,0
            -65.61178,-23.67469,0
            -65.61181,-23.67466,0
            -65.61182,-23.67463,0
            -65.61186,-23.67454,0
            -65.61186,-23.67448,0
            -65.61184,-23.67442,0
            -65.61181,-23.67439,0
            -65.6118,-23.67437,0
            -65.61173,-23.67432,0
            -65.61167,-23.67431,0
            -65.61161,-23.67431,0
            -65.61117,-23.6744,0
            -65.61101,-23.67442,0
            -65.61082,-23.67443,0
            -65.61068,-23.67443,0
            -65.61042,-23.67445,0
            -65.61018,-23.67451,0
            -65.61012,-23.67452,0
            -65.60999,-23.67459,0
            -65.60993,-23.67464,0
            -65.60979,-23.67469,0
            -65.60972,-23.67469,0
            -65.60967,-23.67468,0
            -65.60961,-23.67465,0
            -65.60958,-23.67463,0
            -65.60958,-23.67462,0
            -65.60956,-23.6746,0
            -65.60956,-23.67459,0
            -65.60955,-23.67457,0
            -65.60955,-23.67452,0
            -65.60956,-23.67448,0
            -65.60958,-23.67445,0
            -65.60959,-23.67444,0
            -65.6096,-23.67441,0
            -65.60963,-23.67439,0
            -65.60965,-23.67437,0
            -65.60968,-23.67436,0
            -65.60972,-23.67434,0
            -65.61007,-23.67423,0
            -65.61024,-23.67419,0
            -65.61056,-23.67409,0
            -65.61076,-23.67406,0
            -65.61086,-23.67406,0
            -65.61094,-23.67407,0
            -65.61105,-23.67405,0
            -65.61112,-23.67402,0
            -65.61118,-23.67397,0
            -65.61121,-23.67395,0
            -65.61122,-23.67392,0
            -65.61124,-23.67388,0
            -65.61124,-23.67379,0
            -65.61123,-23.67375,0
            -65.61121,-23.67371,0
            -65.61119,-23.67369,0
            -65.61117,-23.67368,0
            -65.61113,-23.67365,0
            -65.61103,-23.67362,0
            -65.61095,-23.67361,0
            -65.61092,-23.67362,0
            -65.61089,-23.67362,0
            -65.61077,-23.67365,0
            -65.61038,-23.67377,0
            -65.61036,-23.67378,0
            -65.61019,-23.67382,0
            -65.60961,-23.67392,0
            -65.60917,-23.67392,0
            -65.60899,-23.6739,0
            -65.60863,-23.67384,0
            -65.60862,-23.67383,0
            -65.6085,-23.6738,0
            -65.60814,-23.67368,0
            -65.60788,-23.67358,0
            -65.60772,-23.67351,0
            -65.60734,-23.67337,0
            -65.60725,-23.67333,0
            -65.60716,-23.6733,0
            -65.60686,-23.67318,0
            -65.60681,-23.67314,0
            -65.60677,-23.67312,0
            -65.60674,-23.67309,0
            -65.60666,-23.67299,0
            -65.60662,-23.67293,0
            -65.60633,-23.67232,0
            -65.60626,-23.6722,0
            -65.6061,-23.67187,0
            -65.60603,-23.67175,0
            -65.6059,-23.67158,0
            -65.60574,-23.67145,0
            -65.6056,-23.67136,0
            -65.60543,-23.67128,0
            -65.60525,-23.67123,0
            -65.60509,-23.6712,0
            -65.60482,-23.6712,0
            -65.60456,-23.67126,0
            -65.60444,-23.6713,0
            -65.6043,-23.67138,0
            -65.60428,-23.6714,0
            -65.60422,-23.67144,0
            -65.60407,-23.67159,0
            -65.60402,-23.67167,0
            -65.60399,-23.67171,0
            -65.60392,-23.67183,0
            -65.60386,-23.67199,0
            -65.60383,-23.67214,0
            -65.60383,-23.67235,0
            -65.60386,-23.6725,0
            -65.60391,-23.67268,0
            -65.60401,-23.67299,0
            -65.6042,-23.67352,0
            -65.60428,-23.67377,0
            -65.60432,-23.67396,0
            -65.60432,-23.67405,0
            -65.6043,-23.67408,0
            -65.6043,-23.67409,0
            -65.60428,-23.67411,0
            -65.60425,-23.67413,0
            -65.60423,-23.67415,0
            -65.60418,-23.67418,0
            -65.60408,-23.6742,0
            -65.60405,-23.67419,0
            -65.60401,-23.67419,0
            -65.60398,-23.67417,0
            -65.60396,-23.67416,0
            -65.60393,-23.67415,0
            -65.60344,-23.67392,0
            -65.60341,-23.67391,0
            -65.60273,-23.67359,0
            -65.60272,-23.67359,0
            -65.60222,-23.67333,0
            -65.60177,-23.67305,0
            -65.60174,-23.67302,0
            -65.6016,-23.67293,0
            -65.60158,-23.67291,0
            -65.60134,-23.67273,0
            -65.60117,-23.67259,0
            -65.60079,-23.67221,0
            -65.6007,-23.67211,0
            -65.60064,-23.67203,0
            -65.60063,-23.67201,0
            -65.60056,-23.67195,0
            -65.60048,-23.67189,0
            -65.60032,-23.67179,0
            -65.60027,-23.67177,0
            -65.60008,-23.67171,0
            -65.59991,-23.67168,0
            -65.59964,-23.67161,0
            -65.59947,-23.67153,0
            -65.59932,-23.67145,0
            -65.59911,-23.67136,0
            -65.59897,-23.67132,0
            -65.59885,-23.6713,0
            -65.59767,-23.67124,0
            -65.59709,-23.67123,0
            -65.59671,-23.67125,0
            -65.5963,-23.67129,0
            -65.59629,-23.6713,0
            -65.59531,-23.67146,0
            -65.59519,-23.67149,0
            -65.59509,-23.67155,0
            -65.59502,-23.67162,0
            -65.59496,-23.67169,0
            -65.59488,-23.67177,0
            -65.59478,-23.67184,0
            -65.59472,-23.67186,0
            -65.59461,-23.67186,0
            -65.59442,-23.67178,0
            -65.59407,-23.67159,0
            -65.59399,-23.67157,0
            -65.59385,-23.67155,0
            -65.59378,-23.67155,0
            -65.59365,-23.67156,0
            -65.59356,-23.67159,0
            -65.59347,-23.67164,0
            -65.59341,-23.67168,0
            -65.59328,-23.67172,0
            -65.59323,-23.67172,0
            -65.59318,-23.67171,0
            -65.59313,-23.67169,0
            -65.5931,-23.67167,0
            -65.59308,-23.67166,0
            -65.59304,-23.67162,0
            -65.59302,-23.67158,0
            -65.593,-23.67151,0
            -65.59301,-23.67151,0
            -65.59301,-23.67147,0
            -65.59305,-23.67137,0
            -65.59308,-23.67134,0
            -65.59321,-23.67127,0
            -65.59332,-23.67123,0
            -65.59346,-23.67117,0
            -65.59349,-23.67114,0
            -65.59352,-23.67112,0
            -65.59355,-23.67106,0
            -65.59356,-23.67103,0
            -65.59356,-23.67099,0
            -65.59355,-23.67097,0
            -65.59353,-23.67089,0
            -65.59351,-23.67086,0
            -65.59347,-23.67082,0
            -65.59344,-23.6708,0
            -65.59338,-23.67078,0
            -65.59332,-23.67077,0
            -65.59287,-23.67081,0
            -65.59148,-23.67097,0
            -65.59123,-23.67099,0
            -65.59102,-23.67099,0
            -65.59083,-23.67093,0
            -65.59071,-23.67087,0
            -65.59061,-23.6708,0
            -65.59059,-23.67076,0
            -65.59057,-23.67074,0
            -65.59054,-23.67068,0
            -65.59054,-23.67066,0
            -65.59053,-23.67063,0
            -65.59053,-23.67059,0
            -65.59054,-23.67055,0
            -65.59056,-23.67051,0
            -65.59057,-23.67048,0
            -65.59059,-23.67045,0
            -65.59062,-23.67043,0
            -65.59065,-23.6704,0
            -65.59069,-23.67038,0
            -65.59073,-23.67037,0
            -65.59078,-23.67035,0
            -65.59086,-23.67035,0
            -65.59105,-23.67039,0
            -65.59122,-23.67041,0
            -65.59143,-23.6704,0
            -65.59188,-23.6703,0
            -65.5923,-23.67028,0
            -65.59261,-23.67028,0
            -65.59268,-23.67027,0
            -65.59306,-23.67027,0
            -65.59311,-23.67026,0
            -65.59318,-23.67026,0
            -65.59328,-23.67024,0
            -65.59337,-23.6702,0
            -65.59338,-23.67019,0
            -65.59342,-23.67016,0
            -65.59343,-23.67014,0
            -65.59345,-23.67011,0
            -65.59347,-23.67006,0
            -65.59347,-23.67002,0
            -65.59345,-23.66996,0
            -65.59344,-23.66994,0
            -65.59342,-23.66991,0
            -65.59336,-23.66986,0
            -65.5933,-23.66983,0
            -65.59324,-23.66981,0
            -65.5932,-23.66981,0
            -65.59315,-23.66982,0
            -65.59284,-23.66993,0
            -65.59271,-23.66996,0
            -65.59245,-23.66998,0
            -65.59235,-23.66998,0
            -65.59155,-23.66988,0
            -65.59105,-23.66978,0
            -65.5909,-23.66974,0
            -65.5905,-23.66967,0
            -65.59027,-23.66967,0
            -65.59004,-23.66968,0
            -65.58984,-23.66972,0
            -65.58978,-23.66976,0
            -65.58974,-23.66978,0
            -65.58965,-23.66984,0
            -65.58944,-23.67004,0
            -65.58931,-23.67018,0
            -65.58927,-23.67021,0
            -65.58924,-23.67022,0
            -65.58919,-23.67023,0
            -65.58918,-23.67023,0
            -65.58915,-23.67024,0
            -65.58905,-23.67022,0
            -65.58902,-23.6702,0
            -65.589,-23.67018,0
            -65.58898,-23.67017,0
            -65.58895,-23.67013,0
            -65.58893,-23.67005,0
            -65.58893,-23.67002,0
            -65.58894,-23.66999,0
            -65.58895,-23.66994,0
            -65.58899,-23.66988,0
            -65.58904,-23.66983,0
            -65.58952,-23.66955,0
            -65.58988,-23.66937,0
            -65.59015,-23.66926,0
            -65.59102,-23.66897,0
            -65.59113,-23.66894,0
            -65.5914,-23.66884,0
            -65.59149,-23.6688,0
            -65.59156,-23.66875,0
            -65.59161,-23.6687,0
            -65.59166,-23.66864,0
            -65.59171,-23.66853,0
            -65.59171,-23.66851,0
            -65.59175,-23.66835,0
            -65.59177,-23.66823,0
            -65.59179,-23.66804,0
            -65.59178,-23.66794,0
            -65.59174,-23.66786,0
            -65.59168,-23.6678,0
            -65.59155,-23.66775,0
            -65.59132,-23.66775,0
            -65.59115,-23.66777,0
            -65.59107,-23.66776,0
            -65.59101,-23.66774,0
            -65.59096,-23.66771,0
            -65.59091,-23.66767,0
            -65.59087,-23.6676,0
            -65.59083,-23.6675,0
            -65.59081,-23.66735,0
            -65.59078,-23.66727,0
            -65.59073,-23.6672,0
            -65.59066,-23.66715,0
            -65.59059,-23.66713,0
            -65.59053,-23.66712,0
            -65.59038,-23.66714,0
            -65.59031,-23.66716,0
            -65.59023,-23.66717,0
            -65.59014,-23.66717,0
            -65.59004,-23.66716,0
            -65.58996,-23.66712,0
            -65.5899,-23.66707,0
            -65.58973,-23.66688,0
            -65.58967,-23.66679,0
            -65.58963,-23.66671,0
            -65.58963,-23.66666,0
            -65.58964,-23.66659,0
            -65.58966,-23.66655,0
            -65.58968,-23.66652,0
            -65.58973,-23.66647,0
            -65.58978,-23.66644,0
            -65.58981,-23.66643,0
            -65.58985,-23.66641,0
            -65.58991,-23.6664,0
            -65.5901,-23.66642,0
            -65.59014,-23.66643,0
            -65.59038,-23.66647,0
            -65.59057,-23.66652,0
            -65.59065,-23.66655,0
            -65.59076,-23.66657,0
            -65.59117,-23.66667,0
            -65.59141,-23.66676,0
            -65.5924,-23.66718,0
            -65.59251,-23.66722,0
            -65.59262,-23.66728,0
            -65.59275,-23.66738,0
            -65.59296,-23.66764,0
            -65.593,-23.66768,0
            -65.59303,-23.66773,0
            -65.59307,-23.66775,0
            -65.5931,-23.66778,0
            -65.5931,-23.66779,0
            -65.59317,-23.66783,0
            -65.5932,-23.66786,0
            -65.59326,-23.66785,0
            -65.59329,-23.66785,0
            -65.5934,-23.66783,0
            -65.59345,-23.66775,0
            -65.59348,-23.66766,0
            -65.59349,-23.66761,0
            -65.59349,-23.66756,0
            -65.59348,-23.66747,0
            -65.59348,-23.66744,0
            -65.59338,-23.66728,0
            -65.59336,-23.66726,0
            -65.59325,-23.66719,0
            -65.5931,-23.66712,0
            -65.59297,-23.66707,0
            -65.59284,-23.66701,0
            -65.59266,-23.66694,0
            -65.59232,-23.66684,0
            -65.59217,-23.66678,0
            -65.59182,-23.6666,0
            -65.59157,-23.66642,0
            -65.59116,-23.66615,0
            -65.59102,-23.66607,0
            -65.59101,-23.66606,0
            -65.59036,-23.66575,0
            -65.59014,-23.66567,0
            -65.58947,-23.66547,0
            -65.58922,-23.66537,0
            -65.58915,-23.66531,0
            -65.58892,-23.66508,0
            -65.58883,-23.665,0
            -65.58876,-23.66496,0
            -65.5887,-23.66495,0
            -65.58865,-23.66495,0
            -65.58862,-23.66496,0
            -65.5886,-23.66496,0
            -65.58852,-23.66499,0
            -65.5885,-23.66501,0
            -65.58847,-23.66503,0
            -65.5884,-23.66511,0
            -65.58834,-23.66522,0
            -65.58829,-23.66534,0
            -65.58829,-23.66537,0
            -65.58828,-23.66544,0
            -65.58825,-23.66558,0
            -65.58826,-23.66564,0
            -65.58825,-23.66573,0
            -65.58821,-23.66585,0
            -65.58813,-23.66596,0
            -65.58806,-23.66602,0
            -65.58805,-23.66602,0
            -65.58802,-23.66605,0
            -65.58796,-23.66616,0
            -65.58796,-23.66618,0
            -65.58795,-23.66623,0
            -65.58796,-23.6663,0
            -65.58804,-23.66644,0
            -65.58808,-23.66654,0
            -65.58808,-23.66667,0
            -65.58804,-23.66675,0
            -65.58794,-23.66682,0
            -65.58768,-23.66689,0
            -65.58748,-23.66693,0
            -65.58738,-23.66696,0
            -65.58733,-23.66699,0
            -65.58729,-23.66704,0
            -65.58728,-23.66708,0
            -65.58726,-23.66713,0
            -65.58725,-23.66717,0
            -65.58725,-23.66723,0
            -65.58726,-23.66728,0
            -65.58728,-23.66744,0
            -65.58728,-23.66746,0
            -65.58726,-23.66755,0
            -65.58723,-23.66758,0
            -65.5871,-23.66763,0
            -65.58703,-23.66763,0
            -65.58698,-23.66762,0
            -65.58693,-23.66762,0
            -65.5868,-23.66758,0
            -65.58679,-23.66758,0
            -65.5866,-23.66752,0
            -65.58641,-23.66752,0
            -65.58622,-23.66758,0
            -65.58585,-23.66768,0
            -65.58546,-23.66777,0
            -65.58541,-23.66776,0
            -65.58536,-23.66774,0
            -65.58533,-23.66771,0
            -65.58531,-23.66768,0
            -65.5853,-23.66767,0
            -65.58526,-23.66752,0
            -65.58526,-23.66751,0
            -65.58527,-23.66748,0
            -65.58528,-23.66743,0
            -65.58533,-23.66735,0
            -65.58536,-23.66731,0
            -65.58546,-23.66729,0
            -65.58553,-23.66729,0
            -65.58566,-23.6673,0
            -65.58592,-23.6673,0
            -65.58599,-23.66729,0
            -65.58603,-23.66728,0
            -65.58608,-23.66728,0
            -65.58615,-23.66725,0
            -65.5862,-23.66721,0
            -65.58626,-23.66715,0
            -65.58631,-23.66705,0
            -65.58634,-23.66693,0
            -65.58643,-23.66666,0
            -65.58651,-23.66649,0
            -65.58661,-23.66637,0
            -65.5867,-23.66629,0
            -65.58688,-23.66621,0
            -65.58691,-23.66619,0
            -65.58695,-23.66615,0
            -65.58696,-23.66615,0
            -65.58699,-23.66611,0
            -65.58701,-23.66607,0
            -65.58702,-23.66601,0
            -65.58702,-23.66599,0
            -65.58701,-23.66597,0
            -65.58699,-23.66588,0
            -65.58697,-23.66584,0
            -65.58693,-23.66578,0
            -65.58688,-23.66576,0
            -65.58681,-23.66574,0
            -65.58675,-23.66574,0
            -65.58666,-23.66575,0
            -65.58662,-23.66578,0
            -65.58654,-23.66582,0
            -65.58639,-23.66592,0
            -65.58612,-23.66607,0
            -65.58611,-23.66608,0
            -65.58602,-23.66614,0
            -65.58594,-23.66618,0
            -65.58588,-23.6662,0
            -65.58558,-23.66634,0
            -65.58517,-23.6665,0
            -65.58501,-23.66658,0
            -65.58495,-23.6666,0
            -65.58488,-23.66663,0
            -65.58479,-23.66663,0
            -65.58471,-23.66662,0
            -65.58457,-23.66655,0
            -65.58415,-23.66625,0
            -65.58396,-23.66608,0
            -65.58389,-23.66601,0
            -65.58375,-23.66584,0
            -65.58357,-23.66557,0
            -65.5832,-23.66509,0
            -65.58312,-23.66502,0
            -65.58297,-23.66495,0
            -65.58283,-23.6649,0
            -65.58267,-23.66489,0
            -65.58262,-23.6649,0
            -65.58241,-23.66492,0
            -65.58197,-23.66498,0
            -65.58185,-23.66501,0
            -65.5818,-23.66505,0
            -65.58175,-23.6651,0
            -65.58168,-23.66519,0
            -65.58157,-23.6653,0
            -65.58139,-23.66545,0
            -65.58123,-23.66557,0
            -65.58103,-23.66574,0
            -65.581,-23.66576,0
            -65.58075,-23.66597,0
            -65.58024,-23.66634,0
            -65.57927,-23.66701,0
            -65.57864,-23.66737,0
            -65.57826,-23.66755,0
            -65.57817,-23.6676,0
            -65.5778,-23.66777,0
            -65.57765,-23.66782,0
            -65.57752,-23.66788,0
            -65.57723,-23.66793,0
            -65.57705,-23.66795,0
            -65.57693,-23.66798,0
            -65.57685,-23.66803,0
            -65.57627,-23.66866,0
            -65.57612,-23.66877,0
            -65.57581,-23.66895,0
            -65.57561,-23.66904,0
            -65.57547,-23.66912,0
            -65.57533,-23.66923,0
            -65.57524,-23.66935,0
            -65.57507,-23.66962,0
            -65.57488,-23.66987,0
            -65.5746,-23.67018,0
            -65.57434,-23.6704,0
            -65.57426,-23.67049,0
            -65.57422,-23.67057,0
            -65.57421,-23.67058,0
            -65.5742,-23.67061,0
            -65.5742,-23.67067,0
            -65.57421,-23.67075,0
            -65.57423,-23.6708,0
            -65.57425,-23.67087,0
            -65.57428,-23.67092,0
            -65.57432,-23.67113,0
            -65.57433,-23.67179,0
            -65.57438,-23.67218,0
            -65.57438,-23.67231,0
            -65.57436,-23.67235,0
            -65.57431,-23.67241,0
            -65.57427,-23.67243,0
            -65.57424,-23.67244,0
            -65.57413,-23.67244,0
            -65.57406,-23.67242,0
            -65.574,-23.67238,0
            -65.57396,-23.67234,0
            -65.57394,-23.67229,0
            -65.57393,-23.67225,0
            -65.57392,-23.67223,0
            -65.57392,-23.67217,0
            -65.57396,-23.67187,0
            -65.57406,-23.67137,0
            -65.57404,-23.67125,0
            -65.57403,-23.67122,0
            -65.574,-23.67119,0
            -65.57398,-23.67116,0
            -65.57396,-23.67114,0
            -65.5739,-23.6711,0
            -65.57386,-23.67109,0
            -65.57382,-23.67109,0
            -65.57377,-23.6711,0
            -65.57374,-23.6711,0
            -65.57371,-23.67112,0
            -65.57369,-23.67113,0
            -65.57368,-23.67114,0
            -65.57365,-23.67116,0
            -65.57364,-23.67118,0
            -65.57362,-23.67121,0
            -65.57361,-23.67125,0
            -65.5736,-23.67132,0
            -65.57363,-23.67143,0
            -65.57367,-23.67164,0
            -65.57367,-23.67175,0
            -65.57366,-23.67191,0
            -65.5735,-23.67231,0
            -65.57344,-23.67285,0
            -65.57341,-23.67304,0
            -65.57334,-23.67333,0
            -65.57326,-23.67347,0
            -65.57321,-23.67358,0
            -65.57315,-23.67367,0
            -65.57304,-23.67375,0
            -65.57298,-23.6738,0
            -65.57287,-23.67386,0
            -65.57276,-23.67391,0
            -65.57235,-23.67407,0
            -65.57226,-23.67413,0
            -65.57219,-23.67417,0
            -65.57211,-23.67426,0
            -65.57205,-23.67434,0
            -65.572,-23.67445,0
            -65.57198,-23.67456,0
            -65.57196,-23.67474,0
            -65.57196,-23.67491,0
            -65.57194,-23.67527,0
            -65.57189,-23.67551,0
            -65.57183,-23.67564,0
            -65.57168,-23.67603,0
            -65.5716,-23.67617,0
            -65.57132,-23.67652,0
            -65.57121,-23.67664,0
            -65.57112,-23.67676,0
            -65.57107,-23.67684,0
            -65.57103,-23.67695,0
            -65.57096,-23.67718,0
            -65.57092,-23.67749,0
            -65.57091,-23.67766,0
            -65.57088,-23.67794,0
            -65.57074,-23.67974,0
            -65.57069,-23.67988,0
            -65.57042,-23.68084,0
            -65.57017,-23.68203,0
            -65.5701,-23.68245,0
            -65.57006,-23.68257,0
            -65.56995,-23.6827,0
            -65.56974,-23.6829,0
            -65.56938,-23.68321,0
            -65.56914,-23.68354,0
            -65.56901,-23.68367,0
            -65.56889,-23.68375,0
            -65.56868,-23.68391,0
            -65.56839,-23.68411,0
            -65.5682,-23.68426,0
            -65.56805,-23.6844,0
            -65.56794,-23.68454,0
            -65.56792,-23.68456,0
            -65.56774,-23.68484,0
            -65.56762,-23.68513,0
            -65.56754,-23.68536,0
            -65.5675,-23.68552,0
            -65.56748,-23.68565,0
            -65.56747,-23.6874,0
            -65.56744,-23.68759,0
            -65.56734,-23.68778,0
            -65.56715,-23.68794,0
            -65.56686,-23.68813,0
            -65.56659,-23.68829,0
            -65.56649,-23.68836,0
            -65.56618,-23.68854,0
            -65.56612,-23.6886,0
            -65.56607,-23.68866,0
            -65.56599,-23.68882,0
            -65.56598,-23.68887,0
            -65.56596,-23.68891,0
            -65.56593,-23.689,0
            -65.56593,-23.68917,0
            -65.56594,-23.6893,0
            -65.56592,-23.68949,0
            -65.56589,-23.68961,0
            -65.56577,-23.68978,0
            -65.56571,-23.68983,0
            -65.56563,-23.68986,0
            -65.56556,-23.6899,0
            -65.56529,-23.69003,0
            -65.56502,-23.6902,0
            -65.56487,-23.69033,0
            -65.56469,-23.69057,0
            -65.56454,-23.69091,0
            -65.56448,-23.69117,0
            -65.56439,-23.69164,0
            -65.56432,-23.69188,0
            -65.56421,-23.69209,0
            -65.56402,-23.6925,0
            -65.56401,-23.69254,0
            -65.564,-23.69256,0
            -65.56397,-23.69268,0
            -65.56392,-23.69307,0
            -65.56391,-23.6932,0
            -65.5639,-23.69325,0
            -65.56388,-23.69351,0
            -65.56374,-23.69421,0
            -65.56365,-23.69454,0
            -65.5636,-23.69465,0
            -65.56359,-23.69471,0
            -65.56352,-23.69483,0
            -65.56335,-23.69503,0
            -65.56321,-23.69514,0
            -65.56305,-23.69523,0
            -65.56192,-23.69567,0
            -65.56136,-23.69587,0
            -65.56099,-23.69596,0
            -65.56095,-23.69598,0
            -65.56004,-23.69612,0
            -65.56003,-23.69612,0
            -65.55983,-23.69616,0
            -65.5598,-23.69616,0
            -65.55938,-23.69627,0
            -65.55916,-23.69634,0
            -65.55867,-23.69652,0
            -65.55845,-23.69662,0
            -65.55806,-23.69687,0
            -65.55805,-23.69688,0
            -65.55727,-23.69741,0
            -65.55726,-23.69741,0
            -65.55695,-23.69763,0
            -65.55636,-23.69813,0
            -65.5561,-23.6983,0
            -65.55583,-23.69844,0
            -65.5555,-23.69851,0
            -65.55502,-23.69855,0
            -65.55481,-23.69855,0
            -65.55472,-23.69854,0
            -65.55469,-23.69854,0
            -65.55458,-23.69852,0
            -65.55453,-23.6985,0
            -65.5543,-23.69844,0
            -65.55396,-23.69833,0
            -65.55377,-23.69826,0
            -65.55365,-23.69824,0
            -65.55353,-23.69823,0
            -65.55286,-23.69829,0
            -65.55264,-23.69833,0
            -65.55244,-23.69841,0
            -65.5523,-23.69851,0
            -65.55215,-23.69864,0
            -65.55198,-23.69883,0
            -65.55181,-23.69898,0
            -65.55167,-23.69907,0
            -65.55156,-23.69913,0
            -65.55143,-23.69918,0
            -65.5513,-23.69922,0
            -65.5512,-23.69924,0
            -65.55112,-23.69925,0
            -65.55065,-23.69924,0
            -65.54947,-23.69917,0
            -65.54905,-23.69917,0
            -65.54846,-23.69924,0
            -65.5461,-23.69975,0
            -65.54538,-23.69992,0
            -65.54515,-23.70002,0
            -65.54502,-23.7001,0
            -65.54493,-23.70017,0
            -65.5446,-23.70054,0
            -65.54446,-23.70068,0
            -65.54436,-23.70077,0
            -65.5442,-23.70086,0
            -65.544,-23.70094,0
            -65.54385,-23.70097,0
            -65.54372,-23.70098,0
            -65.54301,-23.70096,0
            -65.54292,-23.70094,0
            -65.54285,-23.70093,0
            -65.54279,-23.70091,0
            -65.54275,-23.70089,0
            -65.5427,-23.70085,0
            -65.54268,-23.70083,0
            -65.54263,-23.70076,0
            -65.54257,-23.7006,0
            -65.54234,-23.69981,0
            -65.54223,-23.69967,0
            -65.54215,-23.69958,0
            -65.54207,-23.69953,0
            -65.54198,-23.69949,0
            -65.54189,-23.69947,0
            -65.54181,-23.69947,0
            -65.54173,-23.69948,0
            -65.54166,-23.69948,0
            -65.54156,-23.69949,0
            -65.54132,-23.69954,0
            -65.54086,-23.69969,0
            -65.54077,-23.69974,0
            -65.54073,-23.69975,0
            -65.54052,-23.69991,0
            -65.54023,-23.70008,0
            -65.53983,-23.70036,0
            -65.53933,-23.70068,0
            -65.53888,-23.70114,0
            -65.5388,-23.70121,0
            -65.53851,-23.70149,0
            -65.5383,-23.70165,0
            -65.53812,-23.70176,0
            -65.53801,-23.70181,0
            -65.53792,-23.70186,0
            -65.53777,-23.70198,0
            -65.53774,-23.702,0
            -65.5377,-23.70204,0
            -65.53764,-23.70211,0
            -65.53761,-23.70213,0
            -65.53728,-23.7025,0
            -65.53723,-23.70257,0
            -65.53716,-23.70265,0
            -65.53713,-23.7027,0
            -65.53706,-23.70277,0
            -65.53701,-23.70284,0
            -65.53701,-23.70285,0
            -65.53696,-23.70297,0
            -65.53695,-23.70301,0
            -65.53695,-23.70319,0
            -65.53698,-23.70372,0
            -65.53698,-23.70388,0
            -65.53694,-23.70442,0
            -65.53684,-23.70497,0
            -65.53683,-23.70498,0
            -65.53679,-23.70516,0
            -65.53679,-23.70518,0
            -65.53674,-23.70534,0
            -65.53667,-23.70545,0
            -65.53657,-23.70555,0
            -65.53649,-23.7056,0
            -65.53643,-23.70563,0
            -65.53636,-23.70565,0
            -65.53631,-23.70567,0
            -65.53612,-23.70572,0
            -65.53605,-23.70573,0
            -65.53593,-23.70576,0
            -65.53458,-23.70598,0
            -65.53434,-23.70599,0
            -65.53403,-23.70599,0
            -65.53372,-23.70596,0
            -65.53359,-23.70596,0
            -65.53348,-23.70595,0
            -65.53337,-23.70596,0
            -65.53327,-23.70598,0
            -65.53319,-23.70601,0
            -65.53309,-23.70606,0
            -65.53273,-23.7064,0
            -65.53265,-23.70649,0
            -65.53259,-23.70658,0
            -65.53254,-23.70667,0
            -65.53251,-23.70677,0
            -65.53243,-23.70717,0
            -65.53241,-23.70724,0
            -65.53237,-23.7073,0
            -65.53232,-23.70736,0
            -65.53228,-23.7074,0
            -65.53202,-23.70759,0
            -65.5319,-23.70769,0
            -65.53182,-23.70778,0
            -65.53175,-23.70789,0
            -65.53172,-23.70797,0
            -65.53169,-23.7081,0
            -65.53169,-23.70816,0
            -65.53171,-23.70824,0
            -65.53172,-23.70825,0
            -65.53174,-23.7083,0
            -65.53177,-23.70834,0
            -65.53182,-23.70843,0
            -65.53194,-23.70858,0
            -65.53194,-23.70859,0
            -65.53199,-23.70868,0
            -65.532,-23.70872,0
            -65.53202,-23.70876,0
            -65.53203,-23.70884,0
            -65.53202,-23.7092,0
            -65.53198,-23.70985,0
            -65.53195,-23.70998,0
            -65.53195,-23.71,0
            -65.53194,-23.71005,0
            -65.53189,-23.71016,0
            -65.53181,-23.71028,0
            -65.53118,-23.71101,0
            -65.53117,-23.71103,0
            -65.53079,-23.71141,0
            -65.53078,-23.71143,0
            -65.53063,-23.7116,0
            -65.53052,-23.71176,0
            -65.53043,-23.71192,0
            -65.53034,-23.71213,0
            -65.53026,-23.71227,0
            -65.53021,-23.71237,0
            -65.53007,-23.71255,0
            -65.52966,-23.71301,0
            -65.52957,-23.71313,0
            -65.52947,-23.71329,0
            -65.52919,-23.71381,0
            -65.52915,-23.71387,0
            -65.52908,-23.714,0
            -65.52905,-23.71403,0
            -65.529,-23.71411,0
            -65.52862,-23.71456,0
            -65.52804,-23.71518,0
            -65.52796,-23.7153,0
            -65.5279,-23.71537,0
            -65.52776,-23.71558,0
            -65.52775,-23.7156,0
            -65.52769,-23.71569,0
            -65.52763,-23.71581,0
            -65.52757,-23.71596,0
            -65.52754,-23.71613,0
            -65.52753,-23.71622,0
            -65.52754,-23.71637,0
            -65.52759,-23.71662,0
            -65.52759,-23.71664,0
            -65.52763,-23.71679,0
            -65.52776,-23.71739,0
            -65.52782,-23.71772,0
            -65.52784,-23.71804,0
            -65.52784,-23.71832,0
            -65.52781,-23.7186,0
            -65.52772,-23.71913,0
            -65.5277,-23.71929,0
            -65.52764,-23.71958,0
            -65.52757,-23.71984,0
            -65.52748,-23.72007,0
            -65.52734,-23.72038,0
            -65.52724,-23.72053,0
            -65.52717,-23.72061,0
            -65.5258,-23.72191,0
            -65.52564,-23.72208,0
            -65.52497,-23.72292,0
            -65.52482,-23.72306,0
            -65.5247,-23.72314,0
            -65.52468,-23.72316,0
            -65.52466,-23.72317,0
            -65.52345,-23.72402,0
            -65.5232,-23.72421,0
            -65.52299,-23.72443,0
            -65.52286,-23.72459,0
            -65.52277,-23.72472,0
            -65.52259,-23.72505,0
            -65.52247,-23.72536,0
            -65.52247,-23.72538,0
            -65.52246,-23.7254,0
            -65.52242,-23.72555,0
            -65.52242,-23.72556,0
            -65.52239,-23.72571,0
            -65.52238,-23.72574,0
            -65.52237,-23.72579,0
            -65.52226,-23.72674,0
            -65.52223,-23.72709,0
            -65.52218,-23.72746,0
            -65.52207,-23.72785,0
            -65.522,-23.72802,0
            -65.52192,-23.72818,0
            -65.52191,-23.72819,0
            -65.52181,-23.72836,0
            -65.52181,-23.72837,0
            -65.52171,-23.72851,0
            -65.52147,-23.7288,0
            -65.52111,-23.7292,0
            -65.5211,-23.7292,0
            -65.52097,-23.72935,0
            -65.52089,-23.72943,0
            -65.52065,-23.7297,0
            -65.52056,-23.72979,0
            -65.52047,-23.72985,0
            -65.52037,-23.7299,0
            -65.52029,-23.72993,0
            -65.5202,-23.72994,0
            -65.52003,-23.72992,0
            -65.51967,-23.72975,0
            -65.5195,-23.72969,0
            -65.51939,-23.72966,0
            -65.51926,-23.72966,0
            -65.51916,-23.72967,0
            -65.51898,-23.72975,0
            -65.5185,-23.73004,0
            -65.51819,-23.73021,0
            -65.518,-23.7303,0
            -65.5178,-23.73038,0
            -65.51779,-23.73039,0
            -65.51742,-23.7305,0
            -65.51714,-23.73056,0
            -65.51656,-23.73071,0
            -65.51631,-23.7308,0
            -65.51491,-23.73146,0
            -65.51478,-23.73151,0
            -65.51443,-23.73161,0
            -65.51422,-23.73164,0
            -65.51397,-23.73165,0
            -65.51323,-23.73164,0
            -65.51285,-23.73167,0
            -65.51261,-23.73172,0
            -65.51246,-23.73176,0
            -65.51228,-23.73182,0
            -65.51214,-23.73189,0
            -65.51199,-23.73198,0
            -65.51159,-23.73225,0
            -65.51151,-23.73234,0
            -65.51125,-23.73268,0
            -65.51057,-23.73381,0
            -65.50993,-23.73473,0
            -65.50933,-23.73567,0
            -65.50919,-23.73595,0
            -65.50867,-23.73718,0
            -65.50855,-23.73741,0
            -65.50846,-23.73755,0
            -65.50835,-23.73769,0
            -65.50824,-23.73785,0
            -65.50796,-23.7382,0
            -65.50772,-23.73846,0
            -65.50745,-23.73872,0
            -65.5073,-23.73884,0
            -65.5071,-23.73894,0
            -65.5069,-23.73902,0
            -65.50675,-23.73906,0
            -65.50667,-23.73907,0
            -65.50658,-23.73909,0
            -65.50649,-23.7391,0
            -65.50628,-23.7391,0
            -65.5056,-23.73905,0
            -65.50538,-23.73905,0
            -65.50523,-23.73907,0
            -65.50501,-23.73913,0
            -65.5049,-23.73917,0
            -65.50464,-23.73931,0
            -65.5044,-23.73951,0
            -65.50428,-23.73963,0
            -65.50424,-23.73966,0
            -65.50395,-23.73995,0
            -65.50371,-23.74016,0
            -65.5037,-23.74018,0
            -65.50359,-23.74033,0
            -65.50359,-23.74034,0
            -65.50352,-23.74047,0
            -65.50338,-23.74077,0
            -65.50317,-23.74116,0
            -65.5028,-23.74171,0
            -65.50248,-23.74215,0
            -65.50226,-23.74236,0
            -65.50154,-23.74298,0
            -65.50066,-23.74354,0
            -65.50015,-23.7439,0
            -65.49987,-23.74407,0
            -65.49912,-23.74458,0
            -65.4991,-23.74459,0
            -65.49881,-23.74483,0
            -65.49879,-23.74484,0
            -65.49842,-23.74519,0
            -65.49841,-23.74519,0
            -65.49828,-23.74532,0
            -65.49824,-23.74535,0
            -65.49775,-23.74583,0
            -65.49754,-23.74601,0
            -65.49746,-23.7461,0
            -65.49733,-23.74621,0
            -65.49732,-23.74623,0
            -65.49718,-23.74635,0
            -65.49712,-23.74642,0
            -65.49691,-23.74661,0
            -65.49689,-23.74664,0
            -65.49642,-23.74707,0
            -65.49628,-23.74718,0
            -65.49621,-23.74725,0
            -65.49609,-23.74732,0
            -65.49608,-23.74733,0
            -65.49597,-23.74738,0
            -65.49587,-23.74741,0
            -65.49571,-23.74744,0
            -65.4956,-23.74745,0
            -65.49459,-23.74741,0
            -65.49436,-23.74738,0
            -65.49434,-23.74737,0
            -65.49425,-23.74736,0
            -65.49414,-23.74733,0
            -65.49399,-23.74728,0
            -65.49377,-23.74722,0
            -65.49368,-23.74719,0
            -65.49359,-23.74718,0
            -65.49354,-23.74717,0
            -65.49343,-23.74717,0
            -65.49311,-23.7472,0
            -65.49298,-23.7472,0
            -65.49287,-23.74719,0
            -65.49272,-23.74715,0
            -65.49264,-23.74712,0
            -65.49253,-23.74709,0
            -65.49232,-23.74706,0
            -65.49207,-23.74706,0
            -65.49199,-23.74707,0
            -65.4918,-23.74707,0
            -65.49134,-23.7471,0
            -65.49068,-23.7471,0
            -65.49049,-23.74709,0
            -65.49031,-23.74705,0
            -65.49013,-23.74698,0
            -65.48956,-23.74665,0
            -65.48937,-23.74655,0
            -65.48923,-23.7465,0
            -65.48876,-23.74641,0
            -65.48852,-23.74635,0
            -65.48839,-23.7463,0
            -65.48832,-23.74628,0
            -65.48781,-23.74607,0
            -65.48769,-23.74603,0
            -65.48738,-23.74599,0
            -65.4856,-23.74596,0
            -65.48523,-23.74598,0
            -65.48504,-23.746,0
            -65.48281,-23.7464,0
            -65.48167,-23.74652,0
            -65.48084,-23.74658,0
            -65.48045,-23.74658,0
            -65.48029,-23.74657,0
            -65.47952,-23.74647,0
            -65.47925,-23.74642,0
            -65.47898,-23.74635,0
            -65.47879,-23.74628,0
            -65.47853,-23.74617,0
            -65.47808,-23.74593,0
            -65.47786,-23.74576,0
            -65.47771,-23.74561,0
            -65.47762,-23.74547,0
            -65.47753,-23.74529,0
            -65.47752,-23.7452,0
            -65.47751,-23.74517,0
            -65.47751,-23.74514,0
            -65.47752,-23.74504,0
            -65.47752,-23.74499,0
            -65.47753,-23.74497,0
            -65.47755,-23.74481,0
            -65.47758,-23.74464,0
            -65.47758,-23.74455,0
            -65.47756,-23.74447,0
            -65.47755,-23.74441,0
            -65.47752,-23.74436,0
            -65.4775,-23.74431,0
            -65.47739,-23.74418,0
            -65.47721,-23.74402,0
            -65.47706,-23.74391,0
            -65.47669,-23.74367,0
            -65.47658,-23.74362,0
            -65.47649,-23.74359,0
            -65.47633,-23.74356,0
            -65.476,-23.74353,0
            -65.47562,-23.74352,0
            -65.47548,-23.74353,0
            -65.47514,-23.74357,0
            -65.4747,-23.74365,0
            -65.47462,-23.74367,0
            -65.47445,-23.74367,0
            -65.47428,-23.74365,0
            -65.47416,-23.7436,0
            -65.47405,-23.74357,0
            -65.47394,-23.74352,0
            -65.47387,-23.7435,0
            -65.47377,-23.74349,0
            -65.47365,-23.74351,0
            -65.47344,-23.74361,0
            -65.47315,-23.74384,0
            -65.47306,-23.7439,0
            -65.47294,-23.74397,0
            -65.4728,-23.74403,0
            -65.47276,-23.74404,0
            -65.47271,-23.74406,0
            -65.47245,-23.74414,0
            -65.47228,-23.74417,0
            -65.47219,-23.74418,0
            -65.47205,-23.74418,0
            -65.47161,-23.74412,0
            -65.47154,-23.74412,0
            -65.47133,-23.7441,0
            -65.47031,-23.7441,0
            -65.47011,-23.74413,0
            -65.46998,-23.74416,0
            -65.46981,-23.74423,0
            -65.46953,-23.74436,0
            -65.4694,-23.74441,0
            -65.4693,-23.74449,0
            -65.46929,-23.74449,0
            -65.46916,-23.74461,0
            -65.46907,-23.74472,0
            -65.46897,-23.74478,0
            -65.46891,-23.74499,0
            -65.46886,-23.74521,0
            -65.46884,-23.74545,0
            -65.46886,-23.74559,0
            -65.46889,-23.74572,0
            -65.46893,-23.74584,0
            -65.46906,-23.74607,0
            -65.46944,-23.74666,0
            -65.47079,-23.74926,0
            -65.47216,-23.75175,0
            -65.47271,-23.75281,0
            -65.47287,-23.75315,0
            -65.47318,-23.75394,0
            -65.47442,-23.75734,0
            -65.47484,-23.75842,0
            -65.47573,-23.76084,0
            -65.47621,-23.76222,0
            -65.47714,-23.76467,0
            -65.47749,-23.76566,0
            -65.47751,-23.76573,0
            -65.47783,-23.76663,0
            -65.47808,-23.76745,0
            -65.47833,-23.76836,0
            -65.4785,-23.76921,0
            -65.4785,-23.76924,0
            -65.47896,-23.77151,0
            -65.47896,-23.77153,0
            -65.47927,-23.7731,0
            -65.47927,-23.77312,0
            -65.47928,-23.77315,0
            -65.47938,-23.77369,0
            -65.47945,-23.77414,0
            -65.47946,-23.77418,0
            -65.4795,-23.77454,0
            -65.47955,-23.77488,0
            -65.47955,-23.7749,0
            -65.47957,-23.77506,0
            -65.47958,-23.77508,0
            -65.47981,-23.77618,0
            -65.47982,-23.7763,0
            -65.47984,-23.77644,0
            -65.47986,-23.77679,0
            -65.47967,-23.78171,0
            -65.47962,-23.78245,0
            -65.47962,-23.78265,0
            -65.47953,-23.78407,0
            -65.47951,-23.78422,0
            -65.47948,-23.78438,0
            -65.47948,-23.7844,0
            -65.47943,-23.78464,0
            -65.47935,-23.78488,0
            -65.47925,-23.78512,0
            -65.47915,-23.78531,0
            -65.47877,-23.78584,0
            -65.47866,-23.78598,0
            -65.47864,-23.786,0
            -65.47827,-23.78649,0
            -65.47818,-23.78664,0
            -65.47811,-23.78679,0
            -65.47802,-23.78696,0
            -65.47794,-23.78713,0
            -65.4778,-23.78752,0
            -65.47777,-23.78763,0
            -65.47763,-23.78839,0
            -65.47757,-23.78881,0
            -65.47707,-23.79162,0
            -65.47682,-23.79327,0
            -65.47673,-23.79371,0
            -65.47659,-23.79425,0
            -65.47634,-23.79505,0
            -65.47616,-23.79556,0
            -65.47611,-23.79576,0
            -65.47608,-23.79596,0
            -65.47607,-23.79615,0
            -65.47607,-23.79638,0
            -65.47621,-23.7991,0
            -65.47621,-23.79923,0
            -65.47623,-23.79966,0
            -65.47626,-23.79987,0
            -65.47633,-23.80053,0
            -65.47636,-23.80071,0
            -65.47652,-23.80216,0
            -65.47656,-23.80281,0
            -65.47657,-23.80316,0
            -65.4766,-23.80348,0
            -65.47663,-23.8043,0
            -65.47666,-23.80469,0
            -65.47694,-23.80708,0
            -65.477,-23.80749,0
            -65.47704,-23.80769,0
            -65.47704,-23.80771,0
            -65.4771,-23.80791,0
            -65.47743,-23.80884,0
            -65.47766,-23.80943,0
            -65.47777,-23.80975,0
            -65.47784,-23.80999,0
            -65.47792,-23.81034,0
            -65.47797,-23.81063,0
            -65.47801,-23.81105,0
            -65.47801,-23.81144,0
            -65.47784,-23.81528,0
            -65.47779,-23.81604,0
            -65.47779,-23.81613,0
            -65.47773,-23.81691,0
            -65.47767,-23.81725,0
            -65.47752,-23.81782,0
            -65.47739,-23.81814,0
            -65.47719,-23.81858,0
            -65.47704,-23.81884,0
            -65.47665,-23.81938,0
            -65.47586,-23.82037,0
            -65.47572,-23.82053,0
            -65.47565,-23.82063,0
            -65.47544,-23.82087,0
            -65.47521,-23.82116,0
            -65.47494,-23.82156,0
            -65.47483,-23.82175,0
            -65.47466,-23.82213,0
            -65.47357,-23.82492,0
            -65.47311,-23.82622,0
            -65.47287,-23.82697,0
            -65.47274,-23.82732,0
            -65.47242,-23.82805,0
            -65.47212,-23.82878,0
            -65.47182,-23.82945,0
            -65.47149,-23.8301,0
            -65.47141,-23.83023,0
            -65.4714,-23.83026,0
            -65.4713,-23.83042,0
            -65.47097,-23.831,0
            -65.47081,-23.83132,0
            -65.47005,-23.83306,0
            -65.46913,-23.83508,0
            -65.46894,-23.83553,0
            -65.46877,-23.83589,0
            -65.4686,-23.83632,0
            -65.46846,-23.8368,0
            -65.4684,-23.83709,0
            -65.4684,-23.83711,0
            -65.46838,-23.83723,0
            -65.46838,-23.83732,0
            -65.46836,-23.83749,0
            -65.46834,-23.83789,0
            -65.46836,-23.83846,0
            -65.46838,-23.83865,0
            -65.46841,-23.83921,0
            -65.46841,-23.83933,0
            -65.46844,-23.83989,0
            -65.46841,-23.84058,0
            -65.46833,-23.84114,0
            -65.46828,-23.84137,0
            -65.46816,-23.84178,0
            -65.46811,-23.84192,0
            -65.46792,-23.84232,0
            -65.46791,-23.84235,0
            -65.46784,-23.84249,0
            -65.46783,-23.84252,0
            -65.46758,-23.84293,0
            -65.46715,-23.84349,0
            -65.46699,-23.84366,0
            -65.4654,-23.84549,0
            -65.46539,-23.84551,0
            -65.46516,-23.84578,0
            -65.46515,-23.8458,0
            -65.46502,-23.84599,0
            -65.46495,-23.84611,0
            -65.46492,-23.84615,0
            -65.46486,-23.8463,0
            -65.46481,-23.84645,0
            -65.4648,-23.84646,0
            -65.46475,-23.84665,0
            -65.46473,-23.8468,0
            -65.46472,-23.84717,0
            -65.46477,-23.84767,0
            -65.46544,-23.85215,0
            -65.46577,-23.85493,0
            -65.46584,-23.85579,0
            -65.46586,-23.85595,0
            -65.466,-23.85856,0
            -65.46644,-23.86179,0
            -65.46656,-23.86241,0
            -65.46657,-23.86252,0
            -65.46655,-23.8632,0
            -65.46653,-23.8634,0
            -65.46649,-23.86358,0
            -65.46643,-23.86378,0
            -65.46635,-23.864,0
            -65.46568,-23.86551,0
            -65.46538,-23.86615,0
            -65.4652,-23.86657,0
            -65.46435,-23.86843,0
            -65.46434,-23.86847,0
            -65.46397,-23.86929,0
            -65.46348,-23.87047,0
            -65.46334,-23.87078,0
            -65.46309,-23.87141,0
            -65.46305,-23.87148,0
            -65.46217,-23.87354,0
            -65.46192,-23.87402,0
            -65.46179,-23.87424,0
            -65.46148,-23.87467,0
            -65.46124,-23.87495,0
            -65.46101,-23.87519,0
            -65.46086,-23.87533,0
            -65.4605,-23.87561,0
            -65.46028,-23.87576,0
            -65.46014,-23.87584,0
            -65.46002,-23.87592,0
            -65.46001,-23.87592,0
            -65.45997,-23.87594,0
            -65.45977,-23.87606,0
            -65.4586,-23.87663,0
            -65.45841,-23.87674,0
            -65.45811,-23.87695,0
            -65.4581,-23.87695,0
            -65.45784,-23.8772,0
            -65.45778,-23.87727,0
            -65.45772,-23.87735,0
            -65.45772,-23.87736,0
            -65.45766,-23.87745,0
            -65.45752,-23.87771,0
            -65.45747,-23.87783,0
            -65.45743,-23.87797,0
            -65.45738,-23.87823,0
            -65.45737,-23.87833,0
            -65.45737,-23.87868,0
            -65.45745,-23.87958,0
            -65.45745,-23.87962,0
            -65.45764,-23.88192,0
            -65.45764,-23.88195,0
            -65.45779,-23.88355,0
            -65.45784,-23.88424,0
            -65.45785,-23.88428,0
            -65.45849,-23.89218,0
            -65.45849,-23.89222,0
            -65.45865,-23.89418,0
            -65.45871,-23.89459,0
            -65.45875,-23.89471,0
            -65.45877,-23.89481,0
            -65.45896,-23.89537,0
            -65.45942,-23.89656,0
            -65.45948,-23.89669,0
            -65.45949,-23.89673,0
            -65.45954,-23.89686,0
            -65.45956,-23.8969,0
            -65.46284,-23.90557,0
            -65.46285,-23.90561,0
            -65.46477,-23.91066,0
            -65.46481,-23.91078,0
            -65.46528,-23.91198,0
            -65.46551,-23.91248,0
            -65.46614,-23.91361,0
            -65.46636,-23.91406,0
            -65.46741,-23.91683,0
            -65.46756,-23.91729,0
            -65.46761,-23.91747,0
            -65.46766,-23.91762,0
            -65.46776,-23.91813,0
            -65.4678,-23.91849,0
            -65.46783,-23.91897,0
            -65.46782,-23.91964,0
            -65.46771,-23.92031,0
            -65.46754,-23.92086,0
            -65.46732,-23.92129,0
            -65.46712,-23.9216,0
            -65.46695,-23.92183,0
            -65.46675,-23.92207,0
            -65.46516,-23.92362,0
            -65.4649,-23.92392,0
            -65.46466,-23.92422,0
            -65.46436,-23.92467,0
            -65.46408,-23.92515,0
            -65.46375,-23.92585,0
            -65.46246,-23.92886,0
            -65.46233,-23.92925,0
            -65.46221,-23.92974,0
            -65.4622,-23.9298,0
            -65.46215,-23.93001,0
            -65.4621,-23.93034,0
            -65.46206,-23.93091,0
            -65.46197,-23.93489,0
            -65.46194,-23.93532,0
            -65.46186,-23.9358,0
            -65.46186,-23.93595,0
            -65.4618,-23.93618,0
            -65.46173,-23.9364,0
            -65.46161,-23.93671,0
            -65.46137,-23.93747,0
            -65.46135,-23.93766,0
            -65.46133,-23.93774,0
            -65.46133,-23.93806,0
            -65.46134,-23.93812,0
            -65.46135,-23.93815,0
            -65.46135,-23.93817,0
            -65.46136,-23.93821,0
            -65.46137,-23.93829,0
            -65.46144,-23.93861,0
            -65.46175,-23.93952,0
            -65.46176,-23.93953,0
            -65.46252,-23.9417,0
            -65.46253,-23.94174,0
            -65.46254,-23.94175,0
            -65.4632,-23.94362,0
            -65.4632,-23.94363,0
            -65.46325,-23.94376,0
            -65.46326,-23.9438,0
            -65.46416,-23.94635,0
            -65.46417,-23.94636,0
            -65.4644,-23.94701,0
            -65.4644,-23.94703,0
            -65.46441,-23.94704,0
            -65.46441,-23.94705,0
            -65.46497,-23.94857,0
            -65.46497,-23.94858,0
            -65.46517,-23.94909,0
            -65.46524,-23.94924,0
            -65.46524,-23.94926,0
            -65.46585,-23.95076,0
            -65.46585,-23.95077,0
            -65.46768,-23.95529,0
            -65.46773,-23.9554,0
            -65.46776,-23.95549,0
            -65.46778,-23.95559,0
            -65.4678,-23.95565,0
            -65.4678,-23.95577,0
            -65.46781,-23.95585,0
            -65.46778,-23.95607,0
            -65.46774,-23.95618,0
            -65.46771,-23.95624,0
            -65.46761,-23.95638,0
            -65.46755,-23.95644,0
            -65.46743,-23.95654,0
            -65.46695,-23.95688,0
            -65.46674,-23.95707,0
            -65.46668,-23.95714,0
            -65.46664,-23.9572,0
            -65.46662,-23.95724,0
            -65.46658,-23.95729,0
            -65.46658,-23.9573,0
            -65.46655,-23.95735,0
            -65.46646,-23.95757,0
            -65.46602,-23.95898,0
            -65.46592,-23.9592,0
            -65.46585,-23.95933,0
            -65.46573,-23.95946,0
            -65.46561,-23.95956,0
            -65.46556,-23.95959,0
            -65.46546,-23.95964,0
            -65.46534,-23.95969,0
            -65.46518,-23.95972,0
            -65.46495,-23.95974,0
            -65.46487,-23.95973,0
            -65.46483,-23.95972,0
            -65.46481,-23.95971,0
            -65.46462,-23.95965,0
            -65.46457,-23.95962,0
            -65.46445,-23.95956,0
            -65.46419,-23.95931,0
            -65.46377,-23.95888,0
            -65.4636,-23.95877,0
            -65.46349,-23.95873,0
            -65.46345,-23.95873,0
            -65.46325,-23.95869,0
            -65.46316,-23.95868,0
            -65.46303,-23.95868,0
            -65.46282,-23.95873,0
            -65.4627,-23.95877,0
            -65.46261,-23.95882,0
            -65.46253,-23.95888,0
            -65.46252,-23.95888,0
            -65.46238,-23.959,0
            -65.46232,-23.95906,0
            -65.46226,-23.95914,0
            -65.4622,-23.95926,0
            -65.46215,-23.95938,0
            -65.46213,-23.95949,0
            -65.46212,-23.95961,0
            -65.46213,-23.95967,0
            -65.46213,-23.95974,0
            -65.46216,-23.95984,0
            -65.46216,-23.95986,0
            -65.46226,-23.96009,0
            -65.46272,-23.96082,0
            -65.4629,-23.96117,0
            -65.46293,-23.96128,0
            -65.46293,-23.9615,0
            -65.46292,-23.96161,0
            -65.46288,-23.96173,0
            -65.46283,-23.96182,0
            -65.46271,-23.96198,0
            -65.46264,-23.96206,0
            -65.46259,-23.9621,0
            -65.46247,-23.96218,0
            -65.46229,-23.96225,0
            -65.4621,-23.96229,0
            -65.46197,-23.96229,0
            -65.46186,-23.96228,0
            -65.46173,-23.96226,0
            -65.46166,-23.96224,0
            -65.46148,-23.96217,0
            -65.46129,-23.96206,0
            -65.46024,-23.96133,0
            -65.46005,-23.96122,0
            -65.45995,-23.96117,0
            -65.45987,-23.96114,0
            -65.45986,-23.96113,0
            -65.45969,-23.96106,0
            -65.45927,-23.96101,0
            -65.45908,-23.96101,0
            -65.45892,-23.96103,0
            -65.45881,-23.96105,0
            -65.45851,-23.96115,0
            -65.45831,-23.96126,0
            -65.45814,-23.96138,0
            -65.45802,-23.9615,0
            -65.45785,-23.96171,0
            -65.45779,-23.9618,0
            -65.45768,-23.96204,0
            -65.45764,-23.96217,0
            -65.45761,-23.9623,0
            -65.45761,-23.96254,0
            -65.45764,-23.96288,0
            -65.45798,-23.96534,0
            -65.45802,-23.96557,0
            -65.4581,-23.96615,0
            -65.45813,-23.96647,0
            -65.45812,-23.96657,0
            -65.4581,-23.96666,0
            -65.45803,-23.96683,0
            -65.45792,-23.96698,0
            -65.45783,-23.96708,0
            -65.45772,-23.96714,0
            -65.45768,-23.96717,0
            -65.45753,-23.96723,0
            -65.45731,-23.96727,0
            -65.4572,-23.96727,0
            -65.45707,-23.96725,0
            -65.45683,-23.96718,0
            -65.45656,-23.96706,0
            -65.456,-23.96676,0
            -65.4558,-23.96668,0
            -65.45557,-23.96661,0
            -65.45546,-23.96659,0
            -65.45527,-23.96659,0
            -65.45519,-23.9666,0
            -65.45507,-23.96663,0
            -65.45494,-23.96668,0
            -65.45482,-23.96675,0
            -65.45471,-23.96683,0
            -65.45463,-23.96692,0
            -65.45455,-23.96704,0
            -65.4545,-23.96716,0
            -65.45443,-23.96736,0
            -65.45434,-23.96784,0
            -65.45424,-23.9681,0
            -65.45401,-23.9684,0
            -65.45389,-23.9685,0
            -65.45381,-23.96855,0
            -65.45369,-23.96861,0
            -65.45343,-23.96869,0
            -65.45331,-23.96871,0
            -65.45312,-23.96871,0
            -65.45298,-23.9687,0
            -65.45194,-23.96858,0
            -65.45174,-23.96857,0
            -65.45158,-23.96857,0
            -65.45139,-23.9686,0
            -65.45117,-23.96866,0
            -65.45092,-23.96881,0
            -65.45071,-23.96906,0
            -65.45068,-23.96911,0
            -65.45064,-23.96921,0
            -65.4506,-23.96929,0
            -65.45061,-23.96941,0
            -65.4506,-23.96955,0
            -65.4506,-23.96975,0
            -65.45067,-23.97062,0
            -65.45122,-23.97623,0
            -65.45125,-23.97641,0
            -65.45168,-23.97977,0
            -65.45168,-23.9798,0
            -65.45176,-23.9803,0
            -65.45186,-23.98078,0
            -65.45213,-23.98151,0
            -65.45228,-23.98184,0
            -65.45243,-23.98221,0
            -65.45408,-23.98584,0
            -65.45437,-23.98655,0
            -65.45449,-23.98702,0
            -65.45453,-23.9875,0
            -65.45453,-23.98763,0
            -65.45454,-23.98777,0
            -65.45451,-23.9881,0
            -65.45448,-23.98828,0
            -65.45442,-23.98855,0
            -65.45426,-23.989,0
            -65.45417,-23.98919,0
            -65.45399,-23.98949,0
            -65.45375,-23.98981,0
            -65.45358,-23.98999,0
            -65.45232,-23.9911,0
            -65.4518,-23.99152,0
            -65.4517,-23.99161,0
            -65.45161,-23.99168,0
            -65.45146,-23.99183,0
            -65.45085,-23.99236,0
            -65.45026,-23.99292,0
            -65.4502,-23.99297,0
            -65.45016,-23.99304,0
            -65.45014,-23.99305,0
            -65.4501,-23.99311,0
            -65.45003,-23.9932,0
            -65.44995,-23.99335,0
            -65.44986,-23.99355,0
            -65.44983,-23.9936,0
            -65.4497,-23.99403,0
            -65.4497,-23.99404,0
            -65.44956,-23.99451,0
            -65.44952,-23.99472,0
            -65.4494,-23.9957,0
            -65.44933,-23.99593,0
            -65.44921,-23.9962,0
            -65.44912,-23.99637,0
            -65.44881,-23.99688,0
            -65.4487,-23.99704,0
            -65.44859,-23.99723,0
            -65.44846,-23.99751,0
            -65.44843,-23.99761,0
            -65.4484,-23.99769,0
            -65.44837,-23.99785,0
            -65.44836,-23.99794,0
            -65.44836,-23.99797,0
            -65.44834,-23.99819,0
            -65.44833,-23.9987,0
            -65.44832,-23.99883,0
            -65.44832,-23.99888,0
            -65.44831,-23.99897,0
            -65.44817,-23.99935,0
            -65.44808,-23.99953,0
            -65.44789,-24.00001,0
            -65.44785,-24.00014,0
            -65.44782,-24.00035,0
            -65.44777,-24.00088,0
            -65.44774,-24.00149,0
            -65.44769,-24.0021,0
            -65.44767,-24.00223,0
            -65.44767,-24.00227,0
            -65.44764,-24.00243,0
            -65.44763,-24.00245,0
            -65.44763,-24.00247,0
            -65.44761,-24.00252,0
            -65.44748,-24.00274,0
            -65.44699,-24.00347,0
            -65.44673,-24.00383,0
            -65.44663,-24.00399,0
            -65.44663,-24.004,0
            -65.44658,-24.0041,0
            -65.4465,-24.00433,0
            -65.4465,-24.00435,0
            -65.44646,-24.00447,0
            -65.44636,-24.00486,0
            -65.44636,-24.00488,0
            -65.44629,-24.00517,0
            -65.44625,-24.00555,0
            -65.44629,-24.00593,0
            -65.44637,-24.00623,0
            -65.44652,-24.00657,0
            -65.44654,-24.0066,0
            -65.44671,-24.00693,0
            -65.44711,-24.00799,0
            -65.44718,-24.00826,0
            -65.4472,-24.00836,0
            -65.44721,-24.0085,0
            -65.44717,-24.00868,0
            -65.44715,-24.00874,0
            -65.44714,-24.0088,0
            -65.44712,-24.00886,0
            -65.44709,-24.00892,0
            -65.44704,-24.00899,0
            -65.447,-24.00907,0
            -65.44684,-24.00924,0
            -65.44611,-24.00979,0
            -65.446,-24.0099,0
            -65.4459,-24.01002,0
            -65.44578,-24.01018,0
            -65.44574,-24.01025,0
            -65.44561,-24.01057,0
            -65.44556,-24.01077,0
            -65.44555,-24.01088,0
            -65.44553,-24.01099,0
            -65.44551,-24.0112,0
            -65.44548,-24.0114,0
            -65.44542,-24.01161,0
            -65.44536,-24.01175,0
            -65.44504,-24.01234,0
            -65.44504,-24.01235,0
            -65.44486,-24.01275,0
            -65.44483,-24.01285,0
            -65.44481,-24.0129,0
            -65.44474,-24.01318,0
            -65.4446,-24.01409,0
            -65.44457,-24.01445,0
            -65.44457,-24.01467,0
            -65.44459,-24.01481,0
            -65.44467,-24.01508,0
            -65.4448,-24.01542,0
            -65.44485,-24.01561,0
            -65.44486,-24.01567,0
            -65.44486,-24.0157,0
            -65.44487,-24.01578,0
            -65.44487,-24.01588,0
            -65.44486,-24.01603,0
            -65.44468,-24.01681,0
            -65.44445,-24.01756,0
            -65.44436,-24.01777,0
            -65.44418,-24.01811,0
            -65.44382,-24.01872,0
            -65.44331,-24.01953,0
            -65.44305,-24.01998,0
            -65.44289,-24.02023,0
            -65.44263,-24.0207,0
            -65.44227,-24.02143,0
            -65.4422,-24.0216,0
            -65.44219,-24.02161,0
            -65.44197,-24.02208,0
            -65.44197,-24.02209,0
            -65.44188,-24.02229,0
            -65.44129,-24.02422,0
            -65.44102,-24.02527,0
            -65.44101,-24.02534,0
            -65.44097,-24.0255,0
            -65.44056,-24.02686,0
            -65.44038,-24.02734,0
            -65.4398,-24.02873,0
            -65.4391,-24.03029,0
            -65.439,-24.03056,0
            -65.4389,-24.03075,0
            -65.43885,-24.03083,0
            -65.43872,-24.03098,0
            -65.43865,-24.03104,0
            -65.43863,-24.03105,0
            -65.4385,-24.03114,0
            -65.4383,-24.03123,0
            -65.4367,-24.03179,0
            -65.43502,-24.03234,0
            -65.4346,-24.03249,0
            -65.43421,-24.03267,0
            -65.43392,-24.03285,0
            -65.43361,-24.03307,0
            -65.4334,-24.03326,0
            -65.43314,-24.03352,0
            -65.43292,-24.03377,0
            -65.43273,-24.03405,0
            -65.43042,-24.03897,0
            -65.43034,-24.03916,0
            -65.43028,-24.03927,0
            -65.42977,-24.04038,0
            -65.42975,-24.04041,0
            -65.42929,-24.04145,0
            -65.42926,-24.0415,0
            -65.42883,-24.04265,0
            -65.42847,-24.04347,0
            -65.42727,-24.04566,0
            -65.42716,-24.04584,0
            -65.42672,-24.04663,0
            -65.42666,-24.04675,0
            -65.42663,-24.04678,0
            -65.42651,-24.04693,0
            -65.42639,-24.04706,0
            -65.42612,-24.04732,0
            -65.42554,-24.04782,0
            -65.42539,-24.04794,0
            -65.42538,-24.04794,0
            -65.42519,-24.04809,0
            -65.42428,-24.04869,0
            -65.42397,-24.04891,0
            -65.42397,-24.04892,0
            -65.42383,-24.04903,0
            -65.42349,-24.04934,0
            -65.42343,-24.04943,0
            -65.42339,-24.04947,0
            -65.4232,-24.04972,0
            -65.42307,-24.04992,0
            -65.42293,-24.0502,0
            -65.42281,-24.0505,0
            -65.42274,-24.05072,0
            -65.42204,-24.05318,0
            -65.42204,-24.0532,0
            -65.422,-24.05332,0
            -65.4219,-24.05368,0
            -65.42173,-24.05419,0
            -65.42172,-24.05421,0
            -65.42171,-24.05424,0
            -65.4216,-24.05449,0
            -65.42158,-24.05452,0
            -65.4215,-24.05469,0
            -65.42141,-24.05486,0
            -65.42127,-24.05509,0
            -65.4211,-24.05533,0
            -65.42038,-24.05622,0
            -65.42029,-24.05632,0
            -65.42028,-24.05634,0
            -65.42004,-24.05661,0
            -65.41952,-24.05714,0
            -65.41932,-24.05739,0
            -65.41921,-24.05754,0
            -65.41909,-24.05778,0
            -65.41898,-24.05804,0
            -65.41893,-24.05819,0
            -65.41893,-24.05821,0
            -65.41888,-24.05839,0
            -65.41885,-24.0586,0
            -65.41883,-24.05892,0
            -65.41887,-24.06138,0
            -65.41886,-24.06167,0
            -65.41879,-24.06218,0
            -65.41875,-24.06233,0
            -65.41872,-24.06249,0
            -65.41871,-24.06251,0
            -65.41864,-24.06274,0
            -65.41847,-24.06317,0
            -65.41766,-24.06483,0
            -65.41766,-24.06484,0
            -65.41685,-24.0665,0
            -65.41683,-24.06656,0
            -65.4143,-24.07181,0
            -65.41323,-24.07382,0
            -65.41304,-24.07414,0
            -65.41212,-24.07591,0
            -65.4121,-24.07596,0
            -65.41206,-24.07602,0
            -65.41183,-24.07649,0
            -65.41178,-24.07657,0
            -65.41176,-24.07661,0
            -65.41148,-24.07704,0
            -65.41145,-24.07707,0
            -65.41131,-24.07726,0
            -65.41102,-24.07758,0
            -65.41074,-24.07784,0
            -65.41054,-24.078,0
            -65.4103,-24.07817,0
            -65.41024,-24.07822,0
            -65.40987,-24.07848,0
            -65.40985,-24.07849,0
            -65.40955,-24.07869,0
            -65.4094,-24.0788,0
            -65.40939,-24.0788,0
            -65.4091,-24.07902,0
            -65.40873,-24.07934,0
            -65.40851,-24.07957,0
            -65.4082,-24.07992,0
            -65.40795,-24.08028,0
            -65.40775,-24.08067,0
            -65.40756,-24.08121,0
            -65.40748,-24.08148,0
            -65.40743,-24.08182,0
            -65.4074,-24.08219,0
            -65.40739,-24.08248,0
            -65.4074,-24.08262,0
            -65.4074,-24.08329,0
            -65.40741,-24.08338,0
            -65.40741,-24.08374,0
            -65.40742,-24.08392,0
            -65.40742,-24.08752,0
            -65.4074,-24.08837,0
            -65.40741,-24.09006,0
            -65.40738,-24.09059,0
            -65.40738,-24.09099,0
            -65.4074,-24.09169,0
            -65.40738,-24.09209,0
            -65.40738,-24.09277,0
            -65.40742,-24.09353,0
            -65.40749,-24.09608,0
            -65.40748,-24.09626,0
            -65.40748,-24.09644,0
            -65.40739,-24.09828,0
            -65.40735,-24.09967,0
            -65.40724,-24.10154,0
            -65.40722,-24.10168,0
            -65.40722,-24.10172,0
            -65.40706,-24.10328,0
            -65.40695,-24.10411,0
            -65.40668,-24.10564,0
            -65.40649,-24.10708,0
            -65.4063,-24.10814,0
            -65.40626,-24.10831,0
            -65.40617,-24.10881,0
            -65.40597,-24.10971,0
            -65.40597,-24.10973,0
            -65.4059,-24.11013,0
            -65.40505,-24.11433,0
            -65.40501,-24.11475,0
            -65.40501,-24.115,0
            -65.40506,-24.11551,0
            -65.40522,-24.11659,0
            -65.40527,-24.1173,0
            -65.40527,-24.11768,0
            -65.40521,-24.11801,0
            -65.40516,-24.11821,0
            -65.40512,-24.11831,0
            -65.40493,-24.11886,0
            -65.4049,-24.11907,0
            -65.40486,-24.11926,0
            -65.40456,-24.12012,0
            -65.40455,-24.1202,0
            -65.40452,-24.12035,0
            -65.40451,-24.1205,0
            -65.40455,-24.1209,0
            -65.40465,-24.12132,0
            -65.40476,-24.12169,0
            -65.40476,-24.12194,0
            -65.40475,-24.122,0
            -65.40473,-24.12204,0
            -65.40473,-24.12205,0
            -65.40457,-24.12248,0
            -65.40434,-24.12299,0
            -65.4042,-24.12342,0
            -65.40385,-24.12485,0
            -65.40379,-24.12514,0
            -65.40351,-24.12766,0
            -65.4035,-24.12781,0
            -65.40344,-24.12807,0
            -65.40336,-24.12833,0
            -65.40319,-24.12876,0
            -65.40298,-24.12916,0
            -65.40275,-24.12955,0
            -65.40221,-24.13009,0
            -65.40192,-24.13041,0
            -65.40062,-24.13172,0
            -65.40051,-24.13187,0
            -65.39947,-24.13294,0
            -65.39946,-24.13296,0
            -65.39934,-24.13308,0
            -65.39933,-24.1331,0
            -65.39869,-24.13375,0
            -65.39867,-24.13378,0
            -65.39808,-24.13438,0
            -65.39801,-24.13446,0
            -65.39726,-24.13523,0
            -65.39699,-24.13557,0
            -65.39553,-24.13719,0
            -65.39545,-24.13727,0
            -65.39519,-24.1376,0
            -65.39515,-24.13766,0
            -65.395,-24.13796,0
            -65.39495,-24.13809,0
            -65.39487,-24.13822,0
            -65.39461,-24.13882,0
            -65.39451,-24.13911,0
            -65.39436,-24.1395,0
            -65.39132,-24.14812,0
            -65.39096,-24.14904,0
            -65.39039,-24.15067,0
            -65.3901,-24.15141,0
            -65.38991,-24.1518,0
            -65.38941,-24.15249,0
            -65.386,-24.1558,0
            -65.3856,-24.15622,0
            -65.38532,-24.15656,0
            -65.38501,-24.15688,0
            -65.38494,-24.15697,0
            -65.38477,-24.15714,0
            -65.38452,-24.15742,0
            -65.38367,-24.15831,0
            -65.38365,-24.15832,0
            -65.38248,-24.15954,0
            -65.38231,-24.15973,0
            -65.38157,-24.1605,0
            -65.38103,-24.16098,0
            -65.3807,-24.16124,0
            -65.37959,-24.16197,0
            -65.37949,-24.16202,0
            -65.37867,-24.16252,0
            -65.37856,-24.16258,0
            -65.37846,-24.16265,0
            -65.37741,-24.1633,0
            -65.37723,-24.16342,0
            -65.3753,-24.16459,0
            -65.37529,-24.1646,0
            -65.3745,-24.16509,0
            -65.37373,-24.16554,0
            -65.37169,-24.1668,0
            -65.37154,-24.1669,0
            -65.37142,-24.16696,0
            -65.37091,-24.16731,0
            -65.37059,-24.16755,0
            -65.37004,-24.16799,0
            -65.36966,-24.16832,0
            -65.36916,-24.16883,0
            -65.36897,-24.16905,0
            -65.36857,-24.16955,0
            -65.36845,-24.16974,0
            -65.36811,-24.1702,0
            -65.36791,-24.17042,0
            -65.36651,-24.17215,0
            -65.36609,-24.17255,0
            -65.36568,-24.17286,0
            -65.36548,-24.173,0
            -65.36509,-24.17323,0
            -65.36508,-24.17323,0
            -65.36505,-24.17325,0
            -65.36463,-24.17346,0
            -65.36313,-24.1741,0
            -65.3625,-24.17435,0
            -65.35741,-24.17614,0
            -65.35721,-24.17624,0
            -65.35704,-24.17631,0
            -65.35517,-24.17724,0
            -65.35517,-24.17725,0
            -65.35495,-24.17734,0
            -65.35348,-24.178,0
            -65.35306,-24.17815,0
            -65.35224,-24.17839,0
            -65.35066,-24.17877,0
            -65.35043,-24.17884,0
            -65.34976,-24.17907,0
            -65.34832,-24.17965,0
            -65.34735,-24.18008,0
            -65.34662,-24.18036,0
            -65.34578,-24.18066,0
            -65.34508,-24.18093,0
            -65.34412,-24.18126,0
            -65.34394,-24.18133,0
            -65.34386,-24.18135,0
            -65.3434,-24.18152,0
            -65.34306,-24.18167,0
            -65.34107,-24.1824,0
            -65.33738,-24.18359,0
            -65.33717,-24.18367,0
            -65.33654,-24.18398,0
            -65.33482,-24.185,0
            -65.3346,-24.18512,0
            -65.33414,-24.18531,0
            -65.33373,-24.18544,0
            -65.33337,-24.18553,0
            -65.33262,-24.18559,0
            -65.33249,-24.18561,0
            -65.33186,-24.18562,0
            -65.33163,-24.18559,0
            -65.33091,-24.18562,0
            -65.32983,-24.18573,0
            -65.32952,-24.18579,0
            -65.32951,-24.18579,0
            -65.32932,-24.18582,0
            -65.32716,-24.18627,0
            -65.32541,-24.18657,0
            -65.32435,-24.18669,0
            -65.32416,-24.18673,0
            -65.32381,-24.18678,0
            -65.32365,-24.18683,0
            -65.3232,-24.18693,0
            -65.32294,-24.18701,0
            -65.32252,-24.18719,0
            -65.32227,-24.18731,0
            -65.32206,-24.18743,0
            -65.3218,-24.1876,0
            -65.32142,-24.1879,0
            -65.32113,-24.18818,0
            -65.32073,-24.18863,0
            -65.32058,-24.18885,0
            -65.32027,-24.18938,0
            -65.32009,-24.18983,0
            -65.32004,-24.19001,0
            -65.31996,-24.19021,0
            -65.3199,-24.19056,0
            -65.3199,-24.19073,0
            -65.31975,-24.19185,0
            -65.31974,-24.19223,0
            -65.31969,-24.19305,0
            -65.31967,-24.19319,0
            -65.31967,-24.19322,0
            -65.31965,-24.19339,0
            -65.31959,-24.19371,0
            -65.31945,-24.19411,0
            -65.31941,-24.19419,0
            -65.31879,-24.19521,0
            -65.31873,-24.19529,0
            -65.31873,-24.1953,0
            -65.31853,-24.19552,0
            -65.31842,-24.19563,0
            -65.31828,-24.19574,0
            -65.31793,-24.19604,0
            -65.3179,-24.19605,0
            -65.31554,-24.1979,0
            -65.31506,-24.19822,0
            -65.31483,-24.19834,0
            -65.31248,-24.1994,0
            -65.31121,-24.19995,0
            -65.3105,-24.20028,0
            -65.31022,-24.20043,0
            -65.30984,-24.20067,0
            -65.30931,-24.20105,0
            -65.30896,-24.20134,0
            -65.3087,-24.20157,0
            -65.30859,-24.20169,0
            -65.30835,-24.20192,0
            -65.30794,-24.20236,0
            -65.30742,-24.20283,0
            -65.30723,-24.20299,0
            -65.30706,-24.20312,0
            -65.30686,-24.20325,0
            -65.30327,-24.20524,0
            -65.30172,-24.20605,0
            -65.29605,-24.20882,0
            -65.29473,-24.20943,0
            -65.2934,-24.21001,0
            -65.29196,-24.2106,0
            -65.29174,-24.2107,0
            -65.28853,-24.21198,0
            -65.28808,-24.21213,0
            -65.28754,-24.21228,0
            -65.28753,-24.21228,0
            -65.28524,-24.2128,0
            -65.28493,-24.21286,0
            -65.2846,-24.21295,0
            -65.28432,-24.21304,0
            -65.28388,-24.21325,0
            -65.28284,-24.21383,0
            -65.28253,-24.21402,0
            -65.28228,-24.21416,0
            -65.28199,-24.21434,0
            -65.28167,-24.21457,0
            -65.27974,-24.21604,0
            -65.27887,-24.21666,0
            -65.27839,-24.21691,0
            -65.2782,-24.217,0
            -65.27774,-24.21716,0
            -65.27754,-24.21721,0
            -65.27381,-24.21835,0
            -65.27345,-24.21843,0
            -65.27203,-24.21888,0
            -65.27154,-24.2191,0
            -65.2714,-24.21918,0
            -65.27133,-24.21921,0
            -65.27115,-24.21932,0
            -65.26961,-24.22052,0
            -65.26837,-24.22143,0
            -65.26805,-24.22165,0
            -65.26573,-24.22335,0
            -65.26091,-24.22697,0
            -65.26085,-24.22701,0
            -65.25867,-24.22864,0
            -65.25778,-24.22933,0
            -65.25639,-24.23054,0
            -65.25618,-24.23078,0
            -65.25517,-24.23176,0
            -65.24976,-24.23772,0
            -65.24888,-24.23865,0
            -65.24804,-24.23946,0
            -65.24691,-24.24048,0
            -65.24681,-24.24056,0
            -65.24667,-24.24069,0
            -65.24627,-24.24101,0
            -65.24531,-24.24174,0
            -65.23824,-24.24645,0
            -65.23816,-24.24651,0
            -65.23539,-24.24832,0
            -65.23433,-24.24905,0
            -65.23391,-24.24936,0
            -65.23277,-24.25027,0
            -65.23185,-24.25108,0
            -65.22319,-24.25943,0
            -65.22185,-24.26068,0
            -65.22146,-24.26102,0
            -65.22013,-24.26209,0
            -65.2109,-24.26905,0
            -65.21074,-24.26916,0
            -65.20573,-24.27295,0
            -65.20561,-24.27303,0
            -65.2055,-24.27312,0
            -65.20015,-24.27711,0
            -65.19919,-24.27786,0
            -65.19819,-24.27875,0
            -65.19818,-24.27875,0
            -65.19772,-24.27918,0
            -65.19653,-24.28043,0
            -65.19531,-24.28184,0
            -65.1939,-24.28338,0
            -65.19168,-24.28555,0
            -65.19066,-24.28647,0
            -65.18973,-24.28726,0
            -65.18824,-24.28845,0
            -65.18051,-24.29427,0
            -65.17895,-24.29541,0
            -65.17472,-24.29861,0
            -65.17467,-24.29864,0
            -65.17304,-24.29988,0
            -65.17113,-24.30155,0
            -65.17037,-24.30227,0
            -65.17035,-24.3023,0
            -65.17024,-24.3024,0
            -65.16893,-24.30381,0
            -65.16841,-24.30442,0
            -65.16785,-24.30512,0
            -65.16405,-24.30958,0
            -65.16285,-24.31082,0
            -65.16161,-24.31199,0
            -65.16146,-24.31211,0
            -65.16114,-24.3124,0
            -65.15271,-24.3193,0
            -65.15188,-24.31994,0
            -65.14841,-24.32274,0
            -65.14826,-24.32285,0
            -65.14807,-24.32302,0
            -65.14794,-24.32311,0
            -65.14472,-24.32572,0
            -65.1411,-24.32878,0
            -65.13788,-24.33159,0
            -65.13778,-24.33167,0
            -65.13493,-24.33418,0
            -65.1346,-24.33445,0
            -65.12118,-24.34613,0
            -65.12089,-24.34637,0
            -65.10514,-24.36012,0
            -65.10506,-24.36018,0
            -65.10214,-24.36272,0
            -65.10131,-24.36348,0
            -65.10091,-24.36394,0
            -65.10035,-24.36471,0
            -65.09836,-24.36775,0
            -65.09833,-24.36779,0
            -65.09771,-24.36874,0
            -65.09753,-24.36904,0
            -65.0971,-24.36986,0
            -65.09687,-24.37041,0
            -65.09656,-24.37127,0
            -65.09626,-24.37203,0
            -65.09616,-24.37232,0
            -65.09603,-24.37277,0
            -65.09583,-24.37367,0
            -65.09577,-24.37399,0
            -65.09565,-24.37428,0
            -65.09543,-24.37473,0
            -65.09529,-24.37497,0
            -65.09515,-24.37519,0
            -65.0951,-24.37524,0
            -65.09493,-24.37545,0
            -65.09466,-24.37574,0
            -65.09441,-24.37599,0
            -65.0941,-24.37626,0
            -65.09401,-24.3763,0
            -65.09386,-24.37639,0
            -65.09365,-24.37653,0
            -65.09318,-24.37677,0
            -65.09284,-24.37691,0
            -65.09168,-24.37725,0
            -65.088,-24.3782,0
            -65.08789,-24.37822,0
            -65.08726,-24.37838,0
            -65.08665,-24.3785,0
            -65.08636,-24.37857,0
            -65.08488,-24.37885,0
            -65.08461,-24.37891,0
            -65.0845,-24.37891,0
            -65.08367,-24.37909,0
            -65.08242,-24.37931,0
            -65.08125,-24.37948,0
            -65.08047,-24.37956,0
            -65.07881,-24.37967,0
            -65.07673,-24.3797,0
            -65.05198,-24.37929,0
            -65.05024,-24.3792,0
            -65.04297,-24.37859,0
            -65.04292,-24.37859,0
            -65.0412,-24.37844,0
            -65.04114,-24.37843,0
            -65.03735,-24.37811,0
            -65.03732,-24.37811,0
            -65.03461,-24.37787,0
            -65.03456,-24.37786,0
            -65.03299,-24.37774,0
            -65.02964,-24.37742,0
            -65.02926,-24.37736,0
            -65.02868,-24.37729,0
            -65.02866,-24.37728,0
            -65.02623,-24.37698,0
            -65.02613,-24.37696,0
            -65.02216,-24.37644,0
            -65.02124,-24.37634,0
            -65.0128,-24.37568,0
            -65.01278,-24.37567,0
            -65.01224,-24.37563,0
            -65.01219,-24.37563,0
            -65.00603,-24.37515,0
            -65.00562,-24.37513,0
            -65.00557,-24.37512,0
            -65.00553,-24.37512,0
            -65.00549,-24.37513,0
            -65.00546,-24.37513,0
            -65.0054,-24.37515,0
            -65.00533,-24.37515,0
            -65.00511,-24.37513,0
            -65.00506,-24.37512,0
            -65.005,-24.37512,0
            -65.00452,-24.37507,0
            -65.00354,-24.37501,0
            -64.99478,-24.37434,0
            -64.99474,-24.37433,0
            -64.9793,-24.37317,0
            -64.9789,-24.37312,0
            -64.97804,-24.37308,0
            -64.9779,-24.37309,0
            -64.97744,-24.37316,0
            -64.97706,-24.37319,0
            -64.97696,-24.37318,0
            -64.97683,-24.37318,0
            -64.97666,-24.37316,0
            -64.97614,-24.37313,0
            -64.97536,-24.37306,0
            -64.9753,-24.37306,0
            -64.97523,-24.37305,0
            -64.97496,-24.37298,0
            -64.97485,-24.37293,0
            -64.97477,-24.37291,0
            -64.97454,-24.3728,0
            -64.97443,-24.37273,0
            -64.97437,-24.3727,0
            -64.97431,-24.37265,0
            -64.97424,-24.3726,0
            -64.97417,-24.37253,0
            -64.97411,-24.37248,0
            -64.97401,-24.37236,0
            -64.97392,-24.37223,0
            -64.97386,-24.37213,0
            -64.97382,-24.37205,0
            -64.9738,-24.372,0
            -64.97377,-24.37194,0
            -64.97369,-24.3717,0
            -64.97366,-24.37153,0
            -64.97364,-24.37145,0
            -64.97364,-24.37134,0
            -64.97363,-24.37129,0
            -64.97363,-24.37112,0
            -64.97364,-24.37106,0
            -64.97364,-24.37097,0
            -64.97365,-24.37088,0
            -64.97365,-24.37068,0
            -64.97366,-24.37047,0
            -64.97366,-24.37023,0
            -64.97363,-24.3701,0
            -64.97359,-24.37001,0
            -64.97357,-24.36998,0
            -64.97353,-24.36994,0
            -64.97343,-24.36986,0
            -64.97338,-24.36983,0
            -64.97335,-24.3698,0
            -64.97328,-24.36971,0
            -64.97326,-24.36966,0
            -64.97313,-24.36949,0
            -64.97291,-24.36912,0
            -64.9723,-24.36797,0
            -64.972,-24.36752,0
            -64.97157,-24.36692,0
            -64.97123,-24.3665,0
            -64.97087,-24.3661,0
            -64.97087,-24.36609,0
            -64.97074,-24.36597,0
            -64.97062,-24.36584,0
            -64.96969,-24.36498,0
            -64.96405,-24.36012,0
            -64.96383,-24.35992,0
            -64.96332,-24.35939,0
            -64.96284,-24.35878,0
            -64.96268,-24.35855,0
            -64.9624,-24.35809,0
            -64.96207,-24.35742,0
            -64.96192,-24.35699,0
            -64.96122,-24.35431,0
            -64.96094,-24.35336,0
            -64.96061,-24.3526,0
            -64.95998,-24.35157,0
            -64.95954,-24.35098,0
            -64.95913,-24.35051,0
            -64.95898,-24.35036,0
            -64.95781,-24.34929,0
            -64.95665,-24.34833,0
            -64.92813,-24.32402,0
            -64.92798,-24.32388,0
            -64.9235,-24.32008,0
            -64.92311,-24.31973,0
            -64.92275,-24.31938,0
            -64.92242,-24.31904,0
            -64.9222,-24.31879,0
            -64.92173,-24.31821,0
            -64.92138,-24.3177,0
            -64.92035,-24.31602,0
            -64.9197,-24.31491,0
            -64.91959,-24.31474,0
            -64.91784,-24.31182,0
            -64.91754,-24.31135,0
            -64.91748,-24.31127,0
            -64.91584,-24.30856,0
            -64.91578,-24.30847,0
            -64.91372,-24.30501,0
            -64.91218,-24.30249,0
            -64.91183,-24.30188,0
            -64.91145,-24.3011,0
            -64.91124,-24.30063,0
            -64.91084,-24.29967,0
            -64.90889,-24.29478,0
            -64.90877,-24.29445,0
            -64.90734,-24.29089,0
            -64.90728,-24.29072,0
            -64.90553,-24.28632,0
            -64.90548,-24.28621,0
            -64.90343,-24.28097,0
            -64.90329,-24.28058,0
            -64.90254,-24.2787,0
            -64.90254,-24.27869,0
            -64.90214,-24.27769,0
            -64.90205,-24.27743,0
            -64.90189,-24.27706,0
            -64.90028,-24.273,0
            -64.90024,-24.27292,0
            -64.89929,-24.27053,0
            -64.89918,-24.27012,0
            -64.89911,-24.26971,0
            -64.89909,-24.26953,0
            -64.89909,-24.26945,0
            -64.8991,-24.26936,0
            -64.8991,-24.26931,0
            -64.89916,-24.26906,0
            -64.89914,-24.26899,0
            -64.89914,-24.26895,0
            -64.89915,-24.26892,0
            -64.89915,-24.26891,0
            -64.89916,-24.26888,0
            -64.89918,-24.26884,0
            -64.89925,-24.26879,0
            -64.89926,-24.26879,0
            -64.89928,-24.26878,0
            -64.89929,-24.26877,0
            -64.89932,-24.26856,0
            -64.89923,-24.26847,0
            -64.8992,-24.26842,0
            -64.89894,-24.26815,0
            -64.89889,-24.26808,0
            -64.89876,-24.26792,0
            -64.89857,-24.26765,0
            -64.89854,-24.26762,0
            -64.89852,-24.26758,0
            -64.8985,-24.26756,0
            -64.89844,-24.26742,0
            -64.89839,-24.26727,0
            -64.89837,-24.26724,0
            -64.89835,-24.26722,0
            -64.89832,-24.2672,0
            -64.89832,-24.26701,0
            -64.89834,-24.26671,0
            -64.89874,-24.26339,0
            -64.89877,-24.26302,0
            -64.8987,-24.26264,0
            -64.89863,-24.26247,0
            -64.89861,-24.26245,0
            -64.89861,-24.26244,0
            -64.89858,-24.26237,0
            -64.89854,-24.26232,0
            -64.89851,-24.26227,0
            -64.8984,-24.26217,0
            -64.89822,-24.26205,0
            -64.89801,-24.26194,0
            -64.89782,-24.26181,0
            -64.89778,-24.26182,0
            -64.89767,-24.26179,0
            -64.89764,-24.26177,0
            -64.89761,-24.26174,0
            -64.89759,-24.26171,0
            -64.89757,-24.26164,0
            -64.89757,-24.2616,0
            -64.89759,-24.26153,0
            -64.89761,-24.2615,0
            -64.89764,-24.26148,0
            -64.89767,-24.26145,0
            -64.89769,-24.26145,0
            -64.89771,-24.26144,0
            -64.89775,-24.26143,0
            -64.89779,-24.26137,0
            -64.898,-24.26127,0
            -64.89826,-24.26113,0
            -64.8986,-24.26088,0
            -64.89871,-24.26077,0
            -64.89892,-24.26051,0
            -64.89894,-24.26049,0
            -64.89904,-24.26033,0
            -64.89915,-24.2601,0
            -64.89933,-24.25967,0
            -64.8994,-24.25919,0
            -64.89953,-24.25806,0
            -64.89954,-24.25788,0
            -64.89957,-24.2576,0
            -64.89957,-24.25686,0
            -64.89954,-24.25644,0
            -64.89952,-24.2563,0
            -64.89952,-24.25619,0
            -64.89951,-24.25606,0
            -64.8995,-24.25601,0
            -64.89947,-24.25571,0
            -64.89937,-24.25519,0
            -64.89929,-24.25484,0
            -64.89929,-24.25482,0
            -64.89928,-24.25477,0
            -64.89907,-24.25407,0
            -64.89885,-24.25347,0
            -64.89876,-24.25328,0
            -64.89789,-24.2516,0
            -64.89784,-24.25152,0
            -64.89775,-24.25135,0
            -64.89772,-24.25128,0
            -64.89618,-24.24858,0
            -64.89614,-24.24852,0
            -64.89474,-24.24609,0
            -64.8947,-24.24603,0
            -64.89465,-24.24594,0
            -64.89404,-24.24501,0
            -64.89382,-24.24471,0
            -64.89359,-24.24442,0
            -64.89355,-24.24435,0
            -64.89322,-24.24394,0
            -64.89273,-24.24337,0
            -64.89238,-24.243,0
            -64.89226,-24.24286,0
            -64.89122,-24.24183,0
            -64.89119,-24.24181,0
            -64.88758,-24.23828,0
            -64.88753,-24.23822,0
            -64.88739,-24.23809,0
            -64.88713,-24.23782,0
            -64.887,-24.2377,0
            -64.887,-24.23769,0
            -64.88661,-24.23728,0
            -64.88634,-24.23702,0
            -64.88612,-24.23676,0
            -64.88446,-24.23492,0
            -64.8843,-24.23476,0
            -64.88375,-24.23414,0
            -64.88347,-24.23386,0
            -64.88343,-24.23381,0
            -64.88234,-24.23277,0
            -64.88207,-24.23253,0
            -64.88203,-24.2325,0
            -64.88152,-24.23205,0
            -64.88024,-24.23099,0
            -64.87996,-24.23073,0
            -64.87508,-24.22657,0
            -64.87508,-24.22651,0
            -64.87506,-24.22647,0
            -64.87471,-24.22595,0
            -64.8747,-24.22595,0
            -64.8744,-24.22546,0
            -64.87437,-24.22542,0
            -64.87431,-24.22532,0
            -64.87427,-24.22528,0
            -64.87422,-24.22522,0
            -64.87408,-24.22508,0
            -64.87396,-24.22499,0
            -64.87356,-24.22466,0
            -64.87331,-24.22444,0
            -64.87293,-24.22413,0
            -64.87285,-24.22405,0
            -64.87257,-24.22381,0
            -64.87243,-24.2237,0
            -64.87174,-24.2231,0
            -64.87173,-24.2231,0
            -64.87144,-24.22286,0
            -64.87118,-24.2226,0
            -64.87117,-24.2226,0
            -64.8711,-24.22252,0
            -64.87094,-24.22231,0
            -64.87093,-24.22231,0
            -64.87065,-24.22195,0
            -64.87031,-24.22141,0
            -64.87005,-24.22091,0
            -64.87001,-24.22081,0
            -64.86999,-24.22078,0
            -64.8699,-24.22046,0
            -64.86987,-24.2204,0
            -64.86981,-24.22023,0
            -64.86974,-24.22007,0
            -64.86968,-24.2199,0
            -64.86957,-24.21965,0
            -64.86946,-24.21943,0
            -64.86944,-24.2194,0
            -64.86944,-24.21939,0
            -64.86936,-24.21925,0
            -64.8685,-24.21789,0
            -64.86831,-24.21754,0
            -64.86812,-24.21711,0
            -64.86809,-24.21706,0
            -64.86802,-24.21692,0
            -64.86796,-24.21683,0
            -64.86748,-24.2162,0
            -64.86738,-24.21609,0
            -64.86728,-24.21596,0
            -64.86708,-24.21576,0
            -64.86672,-24.21545,0
            -64.86658,-24.21536,0
            -64.86654,-24.21534,0
            -64.86651,-24.21533,0
            -64.86648,-24.21531,0
            -64.86624,-24.21522,0
            -64.8659,-24.21507,0
            -64.86579,-24.21501,0
            -64.86562,-24.21493,0
            -64.86521,-24.2147,0
            -64.86518,-24.21469,0
            -64.86464,-24.21445,0
            -64.86392,-24.21419,0
            -64.86391,-24.21418,0
            -64.863,-24.21385,0
            -64.86145,-24.21336,0
            -64.861,-24.21326,0
            -64.86055,-24.21319,0
            -64.86042,-24.21316,0
            -64.86019,-24.21312,0
            -64.85999,-24.21307,0
            -64.85989,-24.21303,0
            -64.85986,-24.21303,0
            -64.85984,-24.21302,0
            -64.85982,-24.21303,0
            -64.85981,-24.21303,0
            -64.85979,-24.21304,0
            -64.85867,-24.21264,0
            -64.85865,-24.21264,0
            -64.85849,-24.21259,0
            -64.85826,-24.21249,0
            -64.85748,-24.2122,0
            -64.85729,-24.21215,0
            -64.85723,-24.21214,0
            -64.857,-24.21214,0
            -64.85687,-24.21216,0
            -64.85675,-24.21216,0
            -64.8566,-24.21212,0
            -64.85652,-24.21209,0
            -64.85644,-24.21204,0
            -64.85639,-24.212,0
            -64.8563,-24.21191,0
            -64.85625,-24.21181,0
            -64.8561,-24.21176,0
            -64.85586,-24.21163,0
            -64.85577,-24.21154,0
            -64.85574,-24.21149,0
            -64.85542,-24.21069,0
            -64.85508,-24.21015,0
            -64.85437,-24.2093,0
            -64.85409,-24.20901,0
            -64.85408,-24.20899,0
            -64.85347,-24.2083,0
            -64.85296,-24.20739,0
            -64.85253,-24.20596,0
            -64.85196,-24.2044,0
            -64.85164,-24.20346,0
            -64.85163,-24.20341,0
            -64.85163,-24.20339,0
            -64.85165,-24.20335,0
            -64.8517,-24.20329,0
            -64.85166,-24.20314,0
            -64.84325,-24.17568,0
            -64.84308,-24.17507,0
            -64.84295,-24.17451,0
            -64.84286,-24.17405,0
            -64.84279,-24.17362,0
            -64.84269,-24.17285,0
            -64.84264,-24.17219,0
            -64.84223,-24.15825,0
            -64.8422,-24.15449,0
            -64.84206,-24.1533,0
            -64.84199,-24.15282,0
            -64.84189,-24.15237,0
            -64.84169,-24.15164,0
            -64.84148,-24.15101,0
            -64.83875,-24.14453,0
            -64.83867,-24.14436,0
            -64.83857,-24.14419,0
            -64.83738,-24.1414,0
            -64.83732,-24.14124,0
            -64.83727,-24.14108,0
            -64.83723,-24.1409,0
            -64.83723,-24.14083,0
            -64.83721,-24.14074,0
            -64.83721,-24.14045,0
            -64.8373,-24.13962,0
            -64.83727,-24.13917,0
            -64.83725,-24.13903,0
            -64.83721,-24.13888,0
            -64.8371,-24.13857,0
            -64.8361,-24.13655,0
            -64.83597,-24.13621,0
            -64.83592,-24.13604,0
            -64.83583,-24.13568,0
            -64.83544,-24.13324,0
            -64.83539,-24.133,0
            -64.83513,-24.13207,0
            -64.83503,-24.1318,0
            -64.83478,-24.13123,0
            -64.8342,-24.13002,0
            -64.83412,-24.12987,0
            -64.83216,-24.1258,0
            -64.83205,-24.12553,0
            -64.83199,-24.12536,0
            -64.8319,-24.12502,0
            -64.83186,-24.12475,0
            -64.83186,-24.12439,0
            -64.83187,-24.12422,0
            -64.8319,-24.124,0
            -64.83202,-24.12357,0
            -64.83206,-24.12347,0
            -64.83229,-24.12297,0
            -64.83229,-24.12296,0
            -64.83252,-24.12253,0
            -64.83362,-24.12023,0
            -64.83367,-24.12007,0
            -64.83371,-24.11997,0
            -64.83378,-24.11965,0
            -64.83381,-24.11945,0
            -64.83382,-24.11903,0
            -64.83381,-24.11893,0
            -64.83381,-24.11884,0
            -64.83365,-24.11802,0
            -64.83311,-24.11576,0
            -64.83298,-24.11515,0
            -64.83283,-24.11456,0
            -64.83266,-24.11409,0
            -64.8326,-24.11396,0
            -64.83254,-24.11386,0
            -64.83245,-24.11368,0
            -64.83212,-24.11319,0
            -64.83112,-24.11185,0
            -64.83109,-24.1118,0
            -64.82749,-24.10701,0
            -64.82463,-24.10269,0
            -64.82451,-24.10247,0
            -64.82444,-24.10239,0
            -64.82438,-24.10233,0
            -64.82434,-24.1023,0
            -64.82428,-24.10227,0
            -64.82425,-24.10226,0
            -64.82421,-24.10224,0
            -64.8241,-24.1022,0
            -64.824,-24.10218,0
            -64.82391,-24.10218,0
            -64.82373,-24.1022,0
            -64.82353,-24.10225,0
            -64.82341,-24.10225,0
            -64.82339,-24.10224,0
            -64.82333,-24.10222,0
            -64.82331,-24.10221,0
            -64.8233,-24.1022,0
            -64.82328,-24.10219,0
            -64.82326,-24.10216,0
            -64.82324,-24.10214,0
            -64.8232,-24.10206,0
            -64.82246,-24.09814,0
            -64.82242,-24.09798,0
            -64.82242,-24.09797,0
            -64.82238,-24.0978,0
            -64.82232,-24.09759,0
            -64.82198,-24.09668,0
            -64.82186,-24.09644,0
            -64.82185,-24.09641,0
            -64.82163,-24.09594,0
            -64.82161,-24.09592,0
            -64.81887,-24.09024,0
            -64.81885,-24.09018,0
            -64.81883,-24.09016,0
            -64.81876,-24.09002,0
            -64.81875,-24.08999,0
            -64.81833,-24.08914,0
            -64.81816,-24.08887,0
            -64.81803,-24.08872,0
            -64.81797,-24.08864,0
            -64.81784,-24.08849,0
            -64.81758,-24.08826,0
            -64.81721,-24.08799,0
            -64.81694,-24.08777,0
            -64.81677,-24.08758,0
            -64.81669,-24.08746,0
            -64.81668,-24.08746,0
            -64.81662,-24.08736,0
            -64.81658,-24.08728,0
            -64.81656,-24.08725,0
            -64.81548,-24.0848,0
            -64.81547,-24.08476,0
            -64.8154,-24.08461,0
            -64.81512,-24.08388,0
            -64.81454,-24.08205,0
            -64.81453,-24.08203,0
            -64.81449,-24.08188,0
            -64.81406,-24.08052,0
            -64.81396,-24.08024,0
            -64.81353,-24.07921,0
            -64.81233,-24.07672,0
            -64.81222,-24.07652,0
            -64.81217,-24.07641,0
            -64.81205,-24.0762,0
            -64.81204,-24.07617,0
            -64.81185,-24.07586,0
            -64.81041,-24.07365,0
            -64.81022,-24.07332,0
            -64.80983,-24.07252,0
            -64.80908,-24.07089,0
            -64.80892,-24.0705,0
            -64.80876,-24.07003,0
            -64.80832,-24.06845,0
            -64.8082,-24.06808,0
            -64.8081,-24.06784,0
            -64.80384,-24.059,0
            -64.80379,-24.05887,0
            -64.80374,-24.05877,0
            -64.80365,-24.05849,0
            -64.80358,-24.0583,0
            -64.80341,-24.05766,0
            -64.79867,-24.0376,0
            -64.79825,-24.03596,0
            -64.79511,-24.02269,0
            -64.79509,-24.02257,0
            -64.79505,-24.02239,0
            -64.79504,-24.02238,0
            -64.79491,-24.02173,0
            -64.7936,-24.01616,0
            -64.79357,-24.01606,0
            -64.79332,-24.01498,0
            -64.79327,-24.01471,0
            -64.7932,-24.0142,0
            -64.79315,-24.01355,0
            -64.79306,-24.0107,0
            -64.79305,-24.01057,0
            -64.79243,-23.99218,0
            -64.79243,-23.99198,0
            -64.79239,-23.99121,0
            -64.79239,-23.99072,0
            -64.79238,-23.9905,0
            -64.7924,-23.99013,0
            -64.7924,-23.99003,0
            -64.79247,-23.98939,0
            -64.79302,-23.98637,0
            -64.79344,-23.98389,0
            -64.79444,-23.9785,0
            -64.79531,-23.97355,0
            -64.79531,-23.97352,0
            -64.79611,-23.96902,0
            -64.79613,-23.96885,0
            -64.79621,-23.96847,0
            -64.79729,-23.96238,0
            -64.79739,-23.96174,0
            -64.79782,-23.95931,0
            -64.79792,-23.95883,0
            -64.7981,-23.95771,0
            -64.79825,-23.95695,0
            -64.79826,-23.95692,0
            -64.79828,-23.95677,0
            -64.79848,-23.95578,0
            -64.79867,-23.95448,0
            -64.79881,-23.9538,0
            -64.79993,-23.94749,0
            -64.79999,-23.94708,0
            -64.80001,-23.94674,0
            -64.8,-23.94645,0
            -64.79997,-23.94622,0
            -64.79991,-23.94547,0
            -64.79991,-23.94529,0
            -64.79992,-23.94522,0
            -64.79993,-23.945,0
            -64.79999,-23.94472,0
            -64.80024,-23.94309,0
            -64.80056,-23.94125,0
            -64.80056,-23.94124,0
            -64.80065,-23.94083,0
            -64.80066,-23.94074,0
            -64.80072,-23.94055,0
            -64.80074,-23.9405,0
            -64.80112,-23.93985,0
            -64.80119,-23.9397,0
            -64.80124,-23.93963,0
            -64.80128,-23.93955,0
            -64.80135,-23.93937,0
            -64.80139,-23.93922,0
            -64.8014,-23.93914,0
            -64.80148,-23.93875,0
            -64.80159,-23.93808,0
            -64.80184,-23.93679,0
            -64.80246,-23.93315,0
            -64.80247,-23.93312,0
            -64.80273,-23.93175,0
            -64.80284,-23.93128,0
            -64.80295,-23.93089,0
            -64.80334,-23.92964,0
            -64.8034,-23.92942,0
            -64.8037,-23.92851,0
            -64.80387,-23.92792,0
            -64.80697,-23.91793,0
            -64.80699,-23.91783,0
            -64.80733,-23.91678,0
            -64.80752,-23.91625,0
            -64.80759,-23.91599,0
            -64.80761,-23.91573,0
            -64.8076,-23.91539,0
            -64.80757,-23.91509,0
            -64.80737,-23.91365,0
            -64.80731,-23.91279,0
            -64.80721,-23.91211,0
            -64.80719,-23.91163,0
            -64.80723,-23.91123,0
            -64.80727,-23.911,0
            -64.80736,-23.91072,0
            -64.80753,-23.91027,0
            -64.8076,-23.91014,0
            -64.80855,-23.90859,0
            -64.80947,-23.90714,0
            -64.81008,-23.90611,0
            -64.81037,-23.90556,0
            -64.81109,-23.9041,0
            -64.81144,-23.90347,0
            -64.81228,-23.90212,0
            -64.8123,-23.90208,0
            -64.81256,-23.90167,0
            -64.81277,-23.9013,0
            -64.81318,-23.90063,0
            -64.81331,-23.90044,0
            -64.81507,-23.89757,0
            -64.81529,-23.89718,0
            -64.81592,-23.89615,0
            -64.81609,-23.89591,0
            -64.81654,-23.89517,0
            -64.81666,-23.89499,0
            -64.81757,-23.89352,0
            -64.81766,-23.89336,0
            -64.81867,-23.89174,0
            -64.81891,-23.89138,0
            -64.81969,-23.89009,0
            -64.81998,-23.88965,0
            -64.82051,-23.88896,0
            -64.82082,-23.88862,0
            -64.8211,-23.88835,0
            -64.82152,-23.88799,0
            -64.82237,-23.88734,0
            -64.8224,-23.88731,0
            -64.82254,-23.88721,0
            -64.82266,-23.88711,0
            -64.82299,-23.88686,0
            -64.82316,-23.88672,0
            -64.82342,-23.88648,0
            -64.82372,-23.88611,0
            -64.82382,-23.88595,0
            -64.82399,-23.88563,0
            -64.82405,-23.88546,0
            -64.82413,-23.88515,0
            -64.82416,-23.88498,0
            -64.82418,-23.88465,0
            -64.82418,-23.88444,0
            -64.82399,-23.8832,0
            -64.8239,-23.88275,0
            -64.82381,-23.88238,0
            -64.82365,-23.88188,0
            -64.82358,-23.88173,0
            -64.82355,-23.88163,0
            -64.82347,-23.88142,0
            -64.82326,-23.881,0
            -64.82183,-23.8784,0
            -64.82181,-23.87838,0
            -64.82019,-23.87533,0
            -64.81983,-23.87469,0
            -64.81875,-23.87267,0
            -64.81842,-23.87209,0
            -64.81461,-23.86505,0
            -64.81441,-23.8647,0
            -64.81433,-23.86454,0
            -64.81432,-23.86453,0
            -64.81171,-23.85969,0
            -64.8116,-23.85944,0
            -64.81149,-23.85915,0
            -64.81129,-23.85854,0
            -64.811,-23.85732,0
            -64.81088,-23.85672,0
            -64.80986,-23.8524,0
            -64.80954,-23.85094,0
            -64.80935,-23.85033,0
            -64.80926,-23.8498,0
            -64.80859,-23.84688,0
            -64.80854,-23.8467,0
            -64.80851,-23.84655,0
            -64.80849,-23.84638,0
            -64.80847,-23.84633,0
            -64.80841,-23.84614,0
            -64.80837,-23.84596,0
            -64.80837,-23.84595,0
            -64.80834,-23.84578,0
            -64.80823,-23.84537,0
            -64.80813,-23.84492,0
            -64.80785,-23.84398,0
            -64.80766,-23.84346,0
            -64.80729,-23.84258,0
            -64.80645,-23.84068,0
            -64.8064,-23.84055,0
            -64.80611,-23.83991,0
            -64.8059,-23.8394,0
            -64.80568,-23.83891,0
            -64.80527,-23.83792,0
            -64.80393,-23.83484,0
            -64.80375,-23.8344,0
            -64.80288,-23.83241,0
            -64.80283,-23.83231,0
            -64.80237,-23.83123,0
            -64.80218,-23.83082,0
            -64.80191,-23.83017,0
            -64.80174,-23.8298,0
            -64.80143,-23.82906,0
            -64.80143,-23.82904,0
            -64.80125,-23.82865,0
            -64.80075,-23.82749,0
            -64.80072,-23.8274,0
            -64.80037,-23.82659,0
            -64.80028,-23.82641,0
            -64.80015,-23.82612,0
            -64.80013,-23.82606,0
            -64.80009,-23.82599,0
            -64.79974,-23.82517,0
            -64.79968,-23.82511,0
            -64.79966,-23.8251,0
            -64.79887,-23.82325,0
            -64.79873,-23.82297,0
            -64.7986,-23.82264,0
            -64.79723,-23.81948,0
            -64.79702,-23.81896,0
            -64.79597,-23.81652,0
            -64.79557,-23.81567,0
            -64.79546,-23.81539,0
            -64.79541,-23.8153,0
            -64.79472,-23.81366,0
            -64.79186,-23.80711,0
            -64.79179,-23.80692,0
            -64.79028,-23.80346,0
            -64.79021,-23.80328,0
            -64.79021,-23.80317,0
            -64.78999,-23.80273,0
            -64.78989,-23.80248,0
            -64.78985,-23.8024,0
            -64.78972,-23.80208,0
            -64.78887,-23.80015,0
            -64.78884,-23.80007,0
            -64.78876,-23.7999,0
            -64.78851,-23.79931,0
            -64.78829,-23.79875,0
            -64.78788,-23.79781,0
            -64.78768,-23.79719,0
            -64.78763,-23.79701,0
            -64.78742,-23.79638,0
            -64.78735,-23.79613,0
            -64.78695,-23.79514,0
            -64.7864,-23.79385,0
            -64.78593,-23.79283,0
            -64.78573,-23.79234,0
            -64.78543,-23.79166,0
            -64.7853,-23.79151,0
            -64.78505,-23.79095,0
            -64.78484,-23.79056,0
            -64.78475,-23.79037,0
            -64.78414,-23.78928,0
            -64.78374,-23.78848,0
            -64.78366,-23.78828,0
            -64.78366,-23.78823,0
            -64.78341,-23.78762,0
            -64.78335,-23.78752,0
            -64.78317,-23.78714,0
            -64.78291,-23.78652,0
            -64.78255,-23.78573,0
            -64.78251,-23.78563,0
            -64.78242,-23.78545,0
            -64.78232,-23.78521,0
            -64.78227,-23.78507,0
            -64.78192,-23.78423,0
            -64.78158,-23.78351,0
            -64.78153,-23.78339,0
            -64.78147,-23.78319,0
            -64.78116,-23.78251,0
            -64.77915,-23.77785,0
            -64.77914,-23.77784,0
            -64.77907,-23.77768,0
            -64.77907,-23.77767,0
            -64.77818,-23.77559,0
            -64.77805,-23.77533,0
            -64.77797,-23.77512,0
            -64.77716,-23.77325,0
            -64.77645,-23.7717,0
            -64.77617,-23.77121,0
            -64.77588,-23.77076,0
            -64.77563,-23.77043,0
            -64.77519,-23.76993,0
            -64.775,-23.76975,0
            -64.77492,-23.76966,0
            -64.77474,-23.7695,0
            -64.77455,-23.76935,0
            -64.77387,-23.76887,0
            -64.77321,-23.76849,0
            -64.77241,-23.76812,0
            -64.77202,-23.76797,0
            -64.77155,-23.76783,0
            -64.77099,-23.7677,0
            -64.77047,-23.76761,0
            -64.76446,-23.76681,0
            -64.76423,-23.76677,0
            -64.76285,-23.7666,0
            -64.76235,-23.76652,0
            -64.75102,-23.765,0
            -64.75091,-23.76498,0
            -64.72522,-23.76151,0
            -64.72517,-23.7615,0
            -64.72398,-23.76135,0
            -64.72387,-23.76133,0
            -64.71864,-23.76063,0
            -64.71862,-23.76063,0
            -64.6871,-23.75637,0
            -64.68687,-23.75633,0
            -64.6865,-23.75624,0
            -64.68615,-23.75614,0
            -64.68571,-23.75598,0
            -64.68571,-23.75597,0
            -64.68551,-23.75589,0
            -64.68495,-23.75562,0
            -64.68462,-23.75543,0
            -64.6837,-23.75486,0
            -64.68369,-23.75486,0
            -64.68192,-23.75376,0
            -64.68176,-23.75367,0
            -64.68171,-23.75363,0
            -64.68088,-23.75311,0
            -64.68087,-23.7531,0
            -64.68082,-23.75308,0
            -64.67943,-23.75221,0
            -64.67919,-23.75207,0
            -64.67879,-23.75186,0
            -64.67819,-23.75159,0
            -64.67744,-23.75131,0
            -64.66907,-23.74865,0
            -64.66885,-23.74857,0
            -64.66497,-23.74734,0
            -64.66463,-23.74722,0
            -64.66347,-23.74686,0
            -64.66334,-23.74681,0
            -64.66287,-23.74667,0
            -64.6618,-23.74632,0
            -64.66161,-23.74627,0
            -64.66069,-23.74597,0
            -64.6605,-23.7459,0
            -64.66013,-23.74578,0
            -64.66011,-23.74577,0
            -64.64418,-23.74068,0
            -64.64366,-23.7405,0
            -64.64107,-23.73967,0
            -64.64106,-23.73967,0
            -64.62981,-23.73604,0
            -64.62914,-23.73584,0
            -64.6279,-23.73543,0
            -64.62777,-23.73538,0
            -64.62772,-23.73537,0
            -64.62708,-23.73517,0
            -64.62587,-23.73474,0
            -64.62542,-23.73456,0
            -64.62486,-23.73431,0
            -64.62481,-23.73428,0
            -64.62432,-23.73406,0
            -64.62394,-23.73386,0
            -64.62377,-23.73378,0
            -64.62092,-23.73218,0
            -64.62012,-23.73175,0
            -64.61724,-23.73013,0
            -64.61708,-23.73003,0
            -64.61625,-23.72956,0
            -64.61624,-23.72955,0
            -64.61573,-23.72928,0
            -64.61459,-23.72863,0
            -64.61419,-23.72842,0
            -64.6139,-23.72825,0
            -64.61373,-23.72816,0
            -64.61373,-23.72815,0
            -64.61363,-23.7281,0
            -64.61206,-23.72721,0
            -64.61205,-23.72721,0
            -64.61106,-23.72664,0
            -64.61105,-23.72664,0
            -64.60872,-23.72532,0
            -64.60871,-23.72532,0
            -64.60671,-23.7242,0
            -64.6067,-23.72419,0
            -64.60487,-23.72316,0
            -64.60486,-23.72315,0
            -64.60019,-23.72051,0
            -64.60018,-23.72051,0
            -64.59935,-23.72004,0
            -64.59934,-23.72003,0
            -64.59818,-23.71938,0
            -64.59817,-23.71937,0
            -64.59738,-23.71892,0
            -64.59671,-23.71856,0
            -64.59416,-23.71712,0
            -64.59415,-23.71712,0
            -64.59414,-23.71711,0
            -64.59297,-23.71644,0
            -64.59256,-23.71622,0
            -64.59238,-23.71611,0
            -64.5918,-23.71579,0
            -64.59175,-23.71575,0
            -64.58962,-23.71455,0
            -64.58932,-23.71436,0
            -64.58931,-23.71435,0
            -64.58901,-23.71414,0
            -64.58863,-23.71385,0
            -64.58815,-23.71343,0
            -64.58813,-23.7134,0
            -64.58799,-23.71327,0
            -64.58751,-23.71278,0
            -64.58705,-23.71221,0
            -64.58681,-23.71187,0
            -64.58584,-23.71033,0
            -64.58519,-23.70925,0
            -64.58479,-23.70862,0
            -64.58418,-23.70761,0
            -64.58364,-23.70676,0
            -64.58351,-23.70653,0
            -64.58331,-23.70622,0
            -64.58288,-23.70549,0
            -64.58084,-23.7022,0
            -64.58081,-23.70214,0
            -64.57679,-23.6956,0
            -64.57676,-23.69556,0
            -64.57667,-23.6954,0
            -64.57432,-23.69159,0
            -64.57426,-23.69148,0
            -64.57416,-23.69133,0
            -64.57414,-23.69129,0
            -64.57242,-23.68852,0
            -64.57137,-23.68678,0
            -64.57122,-23.68655,0
            -64.57113,-23.68639,0
            -64.57108,-23.68632,0
            -64.56489,-23.67628,0
            -64.56404,-23.67501,0
            -64.5632,-23.67366,0
            -64.56312,-23.67352,0
            -64.5631,-23.6735,0
            -64.56269,-23.67282,0
            -64.56242,-23.67241,0
            -64.55916,-23.66709,0
            -64.55915,-23.66708,0
            -64.55765,-23.66465,0
            -64.55754,-23.66445,0
            -64.55704,-23.66365,0
            -64.55699,-23.66356,0
            -64.55693,-23.66348,0
            -64.55568,-23.66146,0
            -64.55568,-23.66144,0
            -64.55277,-23.65672,0
            -64.55258,-23.65645,0
            -64.55257,-23.65644,0
            -64.55238,-23.65619,0
            -64.55235,-23.65614,0
            -64.55218,-23.65594,0
            -64.55171,-23.65543,0
            -64.55148,-23.6552,0
            -64.55126,-23.65501,0
            -64.5511,-23.65486,0
            -64.55056,-23.65444,0
            -64.54976,-23.6539,0
            -64.5485,-23.65315,0
            -64.54849,-23.65314,0
            -64.54832,-23.65305,0
            -64.54818,-23.65296,0
            -64.54684,-23.65218,0
            -64.54683,-23.65217,0
            -64.5452,-23.6512,0
            -64.54519,-23.6512,0
            -64.54503,-23.6511,0
            -64.54503,-23.65109,0
            -64.54476,-23.65092,0
            -64.54435,-23.65063,0
            -64.54403,-23.65038,0
            -64.54358,-23.64998,0
            -64.5432,-23.6496,0
            -64.54294,-23.64931,0
            -64.54283,-23.6492,0
            -64.54264,-23.64898,0
            -64.54229,-23.6485,0
            -64.54221,-23.64838,0
            -64.5422,-23.64838,0
            -64.54211,-23.64823,0
            -64.54211,-23.64822,0
            -64.54201,-23.64807,0
            -64.54183,-23.64777,0
            -64.54148,-23.64711,0
            -64.54146,-23.64708,0
            -64.54063,-23.64549,0
            -64.54063,-23.64548,0
            -64.54062,-23.64547,0
            -64.54054,-23.64532,0
            -64.54053,-23.64529,0
            -64.54004,-23.64435,0
            -64.53999,-23.64427,0
            -64.53948,-23.64328,0
            -64.53945,-23.64321,0
            -64.53936,-23.64305,0
            -64.53877,-23.64187,0
            -64.53863,-23.64155,0
            -64.53851,-23.64123,0
            -64.53846,-23.64107,0
            -64.53845,-23.64106,0
            -64.53823,-23.64019,0
            -64.53817,-23.63989,0
            -64.53817,-23.63983,0
            -64.53814,-23.63965,0
            -64.53806,-23.63889,0
            -64.53804,-23.63825,0
            -64.53806,-23.63768,0
            -64.53807,-23.63763,0
            -64.53808,-23.63746,0
            -64.53822,-23.63602,0
            -64.53824,-23.63531,0
            -64.53822,-23.63476,0
            -64.53817,-23.63433,0
            -64.53817,-23.63427,0
            -64.53805,-23.63358,0
            -64.53799,-23.6333,0
            -64.53779,-23.63259,0
            -64.53764,-23.63217,0
            -64.53755,-23.63195,0
            -64.53743,-23.6317,0
            -64.53715,-23.63119,0
            -64.53714,-23.63118,0
            -64.53658,-23.63025,0
            -64.53657,-23.63022,0
            -64.53329,-23.62486,0
            -64.5332,-23.6247,0
            -64.53215,-23.62298,0
            -64.53214,-23.62298,0
            -64.53167,-23.62219,0
            -64.53089,-23.62095,0
            -64.52734,-23.61513,0
            -64.52724,-23.61498,0
            -64.52718,-23.61487,0
            -64.52666,-23.61404,0
            -64.52659,-23.6139,0
            -64.52462,-23.61067,0
            -64.52444,-23.61032,0
            -64.52413,-23.60961,0
            -64.52398,-23.60919,0
            -64.52366,-23.60814,0
            -64.5236,-23.6079,0
            -64.52352,-23.60765,0
            -64.52332,-23.60694,0
            -64.52296,-23.60603,0
            -64.52295,-23.60602,0
            -64.52276,-23.60565,0
            -64.5223,-23.60485,0
            -64.52212,-23.60458,0
            -64.52119,-23.60308,0
            -64.52059,-23.60217,0
            -64.5203,-23.6018,0
            -64.51999,-23.60143,0
            -64.51982,-23.60125,0
            -64.51925,-23.6007,0
            -64.51855,-23.60007,0
            -64.51806,-23.5996,0
            -64.51786,-23.59937,0
            -64.51764,-23.59914,0
            -64.51747,-23.59894,0
            -64.51731,-23.59873,0
            -64.51696,-23.59822,0
            -64.5153,-23.59554,0
            -64.51501,-23.5951,0
            -64.51428,-23.59388,0
            -64.51339,-23.59245,0
            -64.51335,-23.59237,0
            -64.51307,-23.59194,0
            -64.51005,-23.58702,0
            -64.50978,-23.58662,0
            -64.50942,-23.58601,0
            -64.50934,-23.58589,0
            -64.50874,-23.58488,0
            -64.50377,-23.57678,0
            -64.50338,-23.57621,0
            -64.50317,-23.57595,0
            -64.50275,-23.5755,0
            -64.50256,-23.57533,0
            -64.50242,-23.57519,0
            -64.50212,-23.57495,0
            -64.5019,-23.57479,0
            -64.50164,-23.57462,0
            -64.50137,-23.57447,0
            -64.50113,-23.57432,0
            -64.50069,-23.57412,0
            -64.50009,-23.57388,0
            -64.49974,-23.57377,0
            -64.49926,-23.57366,0
            -64.49879,-23.57357,0
            -64.49838,-23.57352,0
            -64.49781,-23.57349,0
            -64.49712,-23.5735,0
            -64.49668,-23.57354,0
            -64.49636,-23.57362,0
            -64.49549,-23.57369,0
            -64.49498,-23.5737,0
            -64.49492,-23.57371,0
          </coordinates>
        </LineString>
      </Placemark>
      <Placemark>
        <name>Ruta 27, San Pedro de Atacama, Jujuy, Chile</name>
        <styleUrl>#icon-1899-DB4436-nodesc</styleUrl>
        <Point>
          <coordinates>
            -67.0633474,-23.226328,0
          </coordinates>
        </Point>
      </Placemark>
      <Placemark>
        <name>RN34, Salta, Argentina</name>
        <styleUrl>#icon-1899-DB4436-nodesc</styleUrl>
        <Point>
          <coordinates>
            -64.4949241,-23.5737088,0
          </coordinates>
        </Point>
      </Placemark>
    </Folder>
    <Folder>
      <name>Indicaciones de RN34, Salta, Argentina a RN34, Jujuy, Argentina</name>
      <Placemark>
        <name>Indicaciones de RN34, Salta, Argentina a RN34, Jujuy, Argentina</name>
        <styleUrl>#line-1267FF-5000-nodesc</styleUrl>
        <LineString>
          <tessellate>1</tessellate>
          <coordinates>
            -65.07905,-24.56237,0
            -65.07905,-24.56215,0
            -65.07905,-24.56203,0
            -65.07904,-24.56107,0
            -65.07904,-24.56095,0
            -65.07904,-24.56073,0
            -65.07903,-24.56033,0
            -65.07902,-24.5595,0
            -65.07901,-24.55886,0
            -65.07899,-24.55821,0
            -65.07897,-24.55713,0
            -65.07895,-24.55598,0
            -65.07895,-24.55569,0
            -65.07895,-24.5551,0
            -65.07894,-24.55485,0
            -65.07892,-24.55421,0
            -65.0789,-24.55318,0
            -65.07887,-24.55202,0
            -65.07885,-24.55117,0
            -65.07882,-24.5504,0
            -65.07882,-24.55017,0
            -65.07882,-24.55,0
            -65.07885,-24.54968,0
            -65.07886,-24.54945,0
            -65.07888,-24.54924,0
            -65.07891,-24.54903,0
            -65.07896,-24.54874,0
            -65.07904,-24.54839,0
            -65.07904,-24.54838,0
            -65.07914,-24.54793,0
            -65.07927,-24.54729,0
            -65.07941,-24.54664,0
            -65.07954,-24.5461,0
            -65.07958,-24.54592,0
            -65.07964,-24.54566,0
            -65.07974,-24.54522,0
            -65.07997,-24.54417,0
            -65.08015,-24.54327,0
            -65.08021,-24.54301,0
            -65.08027,-24.54274,0
            -65.08058,-24.54134,0
            -65.08077,-24.54038,0
            -65.08109,-24.53885,0
            -65.08116,-24.53842,0
            -65.08116,-24.53832,0
            -65.08119,-24.53782,0
            -65.08125,-24.53707,0
            -65.08123,-24.53627,0
            -65.0811,-24.53527,0
            -65.08109,-24.53508,0
            -65.08088,-24.53415,0
            -65.0808,-24.53375,0
            -65.08065,-24.5332,0
            -65.08046,-24.53267,0
            -65.08045,-24.53265,0
            -65.08034,-24.53239,0
            -65.08026,-24.53219,0
            -65.08014,-24.53188,0
            -65.0801,-24.53178,0
            -65.07992,-24.53144,0
            -65.07952,-24.5307,0
            -65.07932,-24.53038,0
            -65.07925,-24.53028,0
            -65.07899,-24.52986,0
            -65.07877,-24.52951,0
            -65.07868,-24.5294,0
            -65.07832,-24.52894,0
            -65.07792,-24.52846,0
            -65.07758,-24.52809,0
            -65.07729,-24.52779,0
            -65.07698,-24.52748,0
            -65.07675,-24.52726,0
            -65.07646,-24.527,0
            -65.07621,-24.52681,0
            -65.07558,-24.52633,0
            -65.0752,-24.52605,0
            -65.07463,-24.52568,0
            -65.07409,-24.52537,0
            -65.07406,-24.52536,0
            -65.07378,-24.52519,0
            -65.07352,-24.52506,0
            -65.07351,-24.52505,0
            -65.07328,-24.52495,0
            -65.07273,-24.5247,0
            -65.07189,-24.52436,0
            -65.07112,-24.52405,0
            -65.07008,-24.52362,0
            -65.07006,-24.52361,0
            -65.06962,-24.5234,0
            -65.06899,-24.52307,0
            -65.06831,-24.52273,0
            -65.06737,-24.52211,0
            -65.0669,-24.52172,0
            -65.06675,-24.5216,0
            -65.06665,-24.52152,0
            -65.06598,-24.52088,0
            -65.06554,-24.5204,0
            -65.0652,-24.51997,0
            -65.06499,-24.51971,0
            -65.06484,-24.5195,0
            -65.06444,-24.51889,0
            -65.06382,-24.51791,0
            -65.06334,-24.51715,0
            -65.06071,-24.51301,0
            -65.05773,-24.50829,0
            -65.05694,-24.50706,0
            -65.05621,-24.5059,0
            -65.05497,-24.50397,0
            -65.05415,-24.50268,0
            -65.0533,-24.50132,0
            -65.0531,-24.501,0
            -65.05251,-24.50014,0
            -65.05246,-24.50007,0
            -65.05236,-24.50005,0
            -65.05231,-24.50003,0
            -65.05227,-24.5,0
            -65.05226,-24.5,0
            -65.05199,-24.49967,0
            -65.05187,-24.49952,0
            -65.05148,-24.49892,0
            -65.05147,-24.49889,0
            -65.05145,-24.49884,0
            -65.05139,-24.49875,0
            -65.05095,-24.49804,0
            -65.05064,-24.49755,0
            -65.04994,-24.49643,0
            -65.04874,-24.49457,0
            -65.04815,-24.49364,0
            -65.04811,-24.49358,0
            -65.04805,-24.49348,0
            -65.04746,-24.49254,0
            -65.04617,-24.49053,0
            -65.04487,-24.48847,0
            -65.04473,-24.4882,0
            -65.04472,-24.48801,0
            -65.04462,-24.4876,0
            -65.04458,-24.48737,0
            -65.04459,-24.48724,0
            -65.04466,-24.48704,0
            -65.04469,-24.48691,0
            -65.04469,-24.48679,0
            -65.04463,-24.48663,0
            -65.04459,-24.48654,0
            -65.04455,-24.48646,0
            -65.0445,-24.48637,0
            -65.04422,-24.48577,0
            -65.04413,-24.48557,0
            -65.04389,-24.4851,0
            -65.04385,-24.48506,0
            -65.04381,-24.48501,0
            -65.04374,-24.48489,0
            -65.04373,-24.48489,0
            -65.04372,-24.48489,0
            -65.04371,-24.48489,0
            -65.04371,-24.48488,0
            -65.0437,-24.48488,0
            -65.0437,-24.48487,0
            -65.04369,-24.48487,0
            -65.04369,-24.48486,0
            -65.04368,-24.48486,0
            -65.04368,-24.48485,0
            -65.04368,-24.48484,0
            -65.04367,-24.48484,0
            -65.04367,-24.48483,0
            -65.04367,-24.48482,0
            -65.04367,-24.48481,0
            -65.04367,-24.4848,0
            -65.04367,-24.48479,0
            -65.04368,-24.48479,0
            -65.04368,-24.48478,0
            -65.04368,-24.48477,0
            -65.04369,-24.48477,0
            -65.04369,-24.48476,0
            -65.0437,-24.48476,0
            -65.04365,-24.48464,0
            -65.04364,-24.48462,0
            -65.04365,-24.48456,0
            -65.04304,-24.48318,0
            -65.04296,-24.483,0
            -65.04278,-24.48245,0
            -65.04266,-24.48197,0
            -65.04266,-24.48195,0
            -65.04247,-24.48119,0
            -65.04244,-24.48109,0
            -65.04244,-24.48108,0
            -65.04224,-24.48021,0
            -65.04216,-24.47984,0
            -65.0421,-24.47957,0
            -65.04205,-24.4794,0
            -65.04192,-24.47882,0
            -65.04186,-24.47856,0
            -65.04183,-24.47837,0
            -65.04182,-24.47835,0
            -65.04178,-24.47802,0
            -65.04177,-24.4779,0
            -65.04176,-24.47778,0
            -65.04174,-24.47748,0
            -65.04172,-24.47701,0
            -65.04172,-24.47683,0
            -65.04171,-24.47615,0
            -65.04171,-24.47611,0
            -65.04168,-24.47578,0
            -65.04165,-24.47553,0
            -65.04158,-24.47523,0
            -65.04152,-24.47505,0
            -65.04151,-24.47502,0
            -65.04135,-24.47465,0
            -65.04126,-24.47443,0
            -65.04117,-24.47416,0
            -65.04112,-24.47404,0
            -65.04105,-24.47388,0
            -65.04093,-24.47371,0
            -65.0409,-24.47366,0
            -65.04083,-24.47357,0
            -65.04082,-24.47356,0
            -65.04072,-24.47343,0
            -65.04033,-24.47302,0
            -65.03952,-24.47212,0
            -65.03939,-24.47202,0
            -65.03938,-24.47202,0
            -65.03937,-24.47202,0
            -65.03936,-24.47203,0
            -65.03935,-24.47203,0
            -65.03934,-24.47203,0
            -65.03933,-24.47203,0
            -65.03932,-24.47203,0
            -65.03931,-24.47203,0
            -65.0393,-24.47203,0
            -65.0393,-24.47202,0
            -65.03929,-24.47202,0
            -65.03928,-24.47202,0
            -65.03928,-24.47201,0
            -65.03927,-24.47201,0
            -65.03926,-24.472,0
            -65.03899,-24.47221,0
            -65.03879,-24.47249,0
            -65.03868,-24.47277,0
            -65.03863,-24.47288,0
            -65.03853,-24.47311,0
            -65.03841,-24.47343,0
            -65.03831,-24.47382,0
            -65.03827,-24.47403,0
            -65.03825,-24.47416,0
            -65.03823,-24.47434,0
            -65.03821,-24.47456,0
            -65.0382,-24.47472,0
            -65.0378,-24.47465,0
            -65.03754,-24.47484,0
            -65.03732,-24.47494,0
            -65.03718,-24.47498,0
            -65.03705,-24.47502,0
            -65.03696,-24.47503,0
            -65.03689,-24.47502,0
            -65.03678,-24.47499,0
            -65.03674,-24.47498,0
            -65.03657,-24.47493,0
            -65.03655,-24.47492,0
            -65.03633,-24.47477,0
            -65.03625,-24.47471,0
            -65.0362,-24.47468,0
            -65.03617,-24.47466,0
            -65.03614,-24.47464,0
            -65.03612,-24.47463,0
            -65.0361,-24.47463,0
            -65.03608,-24.47463,0
            -65.03556,-24.47381,0
            -65.03504,-24.47301,0
            -65.03492,-24.47284,0
            -65.03491,-24.47282,0
            -65.03442,-24.47205,0
            -65.03417,-24.47166,0
            -65.03396,-24.47132,0
            -65.03362,-24.4708,0
            -65.03322,-24.4702,0
            -65.03259,-24.46923,0
            -65.03126,-24.46715,0
            -65.03086,-24.46657,0
            -65.02937,-24.4646,0
            -65.02862,-24.46361,0
            -65.02807,-24.4629,0
            -65.02806,-24.46289,0
            -65.02727,-24.46188,0
            -65.02686,-24.46133,0
            -65.02636,-24.46065,0
            -65.0254,-24.45941,0
            -65.02515,-24.45908,0
            -65.02423,-24.45786,0
            -65.02312,-24.45645,0
            -65.02265,-24.45581,0
            -65.02201,-24.45499,0
            -65.02198,-24.45496,0
            -65.0215,-24.45434,0
            -65.02079,-24.45341,0
            -65.02045,-24.45297,0
            -65.01995,-24.45231,0
            -65.01955,-24.45178,0
            -65.019,-24.45106,0
            -65.01868,-24.45055,0
            -65.01841,-24.45008,0
            -65.01812,-24.44958,0
            -65.0176,-24.44868,0
            -65.01584,-24.44552,0
            -65.0151,-24.44418,0
            -65.01454,-24.44314,0
            -65.01428,-24.44267,0
            -65.0139,-24.442,0
            -65.01336,-24.44106,0
            -65.013,-24.4404,0
            -65.01268,-24.43982,0
            -65.01223,-24.43902,0
            -65.0118,-24.43825,0
            -65.01143,-24.4376,0
            -65.01081,-24.43649,0
            -65.01056,-24.43605,0
            -65.01054,-24.43604,0
            -65.01053,-24.43602,0
            -65.01028,-24.43556,0
            -65.00984,-24.43477,0
            -65.00974,-24.4346,0
            -65.00949,-24.43419,0
            -65.00942,-24.43405,0
            -65.00939,-24.43397,0
            -65.00934,-24.43385,0
            -65.00933,-24.4338,0
            -65.00922,-24.43369,0
            -65.00918,-24.43362,0
            -65.00881,-24.43296,0
            -65.00868,-24.43269,0
            -65.00864,-24.43262,0
            -65.00837,-24.43217,0
            -65.00837,-24.43214,0
            -65.00836,-24.43212,0
            -65.00738,-24.43036,0
            -65.00665,-24.42905,0
            -65.00658,-24.42892,0
            -65.00577,-24.42748,0
            -65.00568,-24.42731,0
            -65.00541,-24.42683,0
            -65.00532,-24.42667,0
            -65.00429,-24.42483,0
            -65.00254,-24.42171,0
            -65.00248,-24.42159,0
            -65.00245,-24.42155,0
            -65.00128,-24.41946,0
            -65.00119,-24.4193,0
            -65.00101,-24.41898,0
            -65.00092,-24.41882,0
            -65.00083,-24.41866,0
            -65.00071,-24.41844,0
            -65.00048,-24.41802,0
            -65.00034,-24.41778,0
            -65.00012,-24.41738,0
            -65.00003,-24.41722,0
            -64.99994,-24.41706,0
            -64.99985,-24.4169,0
            -64.99883,-24.41509,0
            -64.99876,-24.41498,0
            -64.99796,-24.41354,0
            -64.99651,-24.41095,0
            -64.99551,-24.40918,0
            -64.99497,-24.40823,0
            -64.99496,-24.40822,0
            -64.99487,-24.40807,0
            -64.99487,-24.40806,0
            -64.99469,-24.40775,0
            -64.99433,-24.40711,0
            -64.99424,-24.40695,0
            -64.99415,-24.40679,0
            -64.99405,-24.40663,0
            -64.99369,-24.40599,0
            -64.99351,-24.40568,0
            -64.99351,-24.40567,0
            -64.99342,-24.40552,0
            -64.99341,-24.40551,0
            -64.99333,-24.40536,0
            -64.99332,-24.40535,0
            -64.99296,-24.40472,0
            -64.99287,-24.40456,0
            -64.99287,-24.40455,0
            -64.99278,-24.4044,0
            -64.99259,-24.40406,0
            -64.99123,-24.40169,0
            -64.99087,-24.40105,0
            -64.99086,-24.40104,0
            -64.99077,-24.40088,0
            -64.99069,-24.40073,0
            -64.99068,-24.40072,0
            -64.9906,-24.40057,0
            -64.99059,-24.40056,0
            -64.98978,-24.39914,0
            -64.98978,-24.39913,0
            -64.98969,-24.39898,0
            -64.98969,-24.39897,0
            -64.9896,-24.39882,0
            -64.98933,-24.39834,0
            -64.98918,-24.39807,0
            -64.98879,-24.39738,0
            -64.98852,-24.3969,0
            -64.98851,-24.39689,0
            -64.98798,-24.39594,0
            -64.9878,-24.39562,0
            -64.98726,-24.39467,0
            -64.98714,-24.39447,0
            -64.98611,-24.39273,0
            -64.98602,-24.39257,0
            -64.98587,-24.39229,0
            -64.98585,-24.39226,0
            -64.98578,-24.39219,0
            -64.98576,-24.39217,0
            -64.98574,-24.39213,0
            -64.98565,-24.39198,0
            -64.9846,-24.39006,0
            -64.9839,-24.38881,0
            -64.98256,-24.38637,0
            -64.98221,-24.38573,0
            -64.98212,-24.38557,0
            -64.98159,-24.3846,0
            -64.98035,-24.38236,0
            -64.97946,-24.38075,0
            -64.97937,-24.38059,0
            -64.97929,-24.38043,0
            -64.97867,-24.3793,0
            -64.97847,-24.37896,0
            -64.97817,-24.37852,0
            -64.97795,-24.37834,0
            -64.97773,-24.37813,0
            -64.97754,-24.37783,0
            -64.97744,-24.37758,0
            -64.97704,-24.37677,0
            -64.97693,-24.37648,0
            -64.97662,-24.37566,0
            -64.97635,-24.37503,0
            -64.97626,-24.37482,0
            -64.97591,-24.37379,0
            -64.97562,-24.37306,0
            -64.97549,-24.37272,0
            -64.97542,-24.37255,0
            -64.97536,-24.3724,0
            -64.97482,-24.37142,0
            -64.97458,-24.37105,0
            -64.97447,-24.3709,0
            -64.97441,-24.3708,0
            -64.9742,-24.3705,0
            -64.97404,-24.3703,0
            -64.97398,-24.37022,0
            -64.9739,-24.37015,0
            -64.97384,-24.3701,0
            -64.97401,-24.37006,0
            -64.97418,-24.37023,0
            -64.97437,-24.37041,0
            -64.97449,-24.37053,0
            -64.97454,-24.37058,0
            -64.9746,-24.37063,0
            -64.97485,-24.37086,0
            -64.9751,-24.37124,0
            -64.97518,-24.37136,0
            -64.97521,-24.37142,0
            -64.97547,-24.37194,0
            -64.97557,-24.37216,0
            -64.97568,-24.37249,0
            -64.97589,-24.37311,0
            -64.97596,-24.37329,0
            -64.97602,-24.37345,0
          </coordinates>
        </LineString>
      </Placemark>
      <Placemark>
        <name>RN34, Salta, Argentina</name>
        <styleUrl>#icon-1899-DB4436-nodesc</styleUrl>
        <Point>
          <coordinates>
            -65.0790524,-24.5623681,0
          </coordinates>
        </Point>
      </Placemark>
      <Placemark>
        <name>RN34, Jujuy, Argentina</name>
        <styleUrl>#icon-1899-DB4436-nodesc</styleUrl>
        <Point>
          <coordinates>
            -64.9760188,-24.3734463,0
          </coordinates>
        </Point>
      </Placemark>
    </Folder>
  </Document>
</kml>
